{
	"credit": "Made with Blockbench",
	"texture_size": [64, 64],
	"textures": {
		"0": "item/custom/wood",
		"1": "item/custom/head",
		"particle": "item/custom/wood"
	},
	"elements": [
		{
			"from": [7, -14, 10],
			"to": [9, 21, 11],
			"rotation": {"angle": 0, "axis": "y", "origin": [7, 5, 9]},
			"faces": {
				"north": {"uv": [3, 0, 3.25, 4.375], "texture": "#0"},
				"east": {"uv": [3, 4.375, 3.125, 8.75], "texture": "#0"},
				"south": {"uv": [3.25, 0, 3.5, 4.375], "texture": "#0"},
				"west": {"uv": [3.125, 4.375, 3.25, 8.75], "texture": "#0"},
				"up": {"uv": [4.75, 1.125, 4.5, 1], "texture": "#0"},
				"down": {"uv": [4.75, 1.125, 4.5, 1.25], "texture": "#0"}
			}
		},
		{
			"from": [7, -14, 5],
			"to": [9, 21, 6],
			"rotation": {"angle": 0, "axis": "y", "origin": [7, 0, 5]},
			"faces": {
				"north": {"uv": [3.5, 0, 3.75, 4.375], "texture": "#0"},
				"east": {"uv": [3.25, 4.375, 3.375, 8.75], "texture": "#0"},
				"south": {"uv": [3.75, 0, 4, 4.375], "texture": "#0"},
				"west": {"uv": [3.375, 4.375, 3.5, 8.75], "texture": "#0"},
				"up": {"uv": [4.75, 1.375, 4.5, 1.25], "texture": "#0"},
				"down": {"uv": [4.75, 1.375, 4.5, 1.5], "texture": "#0"}
			}
		},
		{
			"from": [6, -16, 6],
			"to": [10, 13, 10],
			"rotation": {"angle": 0, "axis": "y", "origin": [7, 0, 6]},
			"faces": {
				"north": {"uv": [0, 0, 0.5, 5.125], "texture": "#0"},
				"east": {"uv": [0.5, 0, 1, 5.125], "texture": "#0"},
				"south": {"uv": [1, 0, 1.5, 5.125], "texture": "#0"},
				"west": {"uv": [1.5, 0, 2, 5.125], "texture": "#0"},
				"up": {"uv": [4, 4.875, 3.5, 4.375], "texture": "#0"},
				"down": {"uv": [5, 0, 4.5, 0.5], "texture": "#0"}
			}
		},
		{
			"from": [5, -14, 7],
			"to": [6, 13, 9],
			"rotation": {"angle": 0, "axis": "y", "origin": [5, 0, 7]},
			"faces": {
				"north": {"uv": [4, 0, 4.125, 5.125], "texture": "#0"},
				"east": {"uv": [2, 0, 2.25, 5.125], "texture": "#0"},
				"south": {"uv": [4.125, 0, 4.25, 5.125], "texture": "#0"},
				"west": {"uv": [2.25, 0, 2.5, 5.125], "texture": "#0"},
				"up": {"uv": [4.625, 0.75, 4.5, 0.5], "texture": "#0"},
				"down": {"uv": [4.625, 0.75, 4.5, 1], "texture": "#0"}
			}
		},
		{
			"from": [10, -14, 7],
			"to": [11, 13, 9],
			"rotation": {"angle": 0, "axis": "y", "origin": [9, 0, 7]},
			"faces": {
				"north": {"uv": [4.25, 0, 4.375, 5.125], "texture": "#0"},
				"east": {"uv": [2.5, 0, 2.75, 5.125], "texture": "#0"},
				"south": {"uv": [4.375, 0, 4.5, 5.125], "texture": "#0"},
				"west": {"uv": [2.75, 0, 3, 5.125], "texture": "#0"},
				"up": {"uv": [4.625, 1.75, 4.5, 1.5], "texture": "#0"},
				"down": {"uv": [4.625, 1.75, 4.5, 2], "texture": "#0"}
			}
		},
		{
			"from": [22, 12, 7],
			"to": [24, 14, 9],
			"rotation": {"angle": 0, "axis": "y", "origin": [22, 12, 7]},
			"faces": {
				"north": {"uv": [6.5, 3, 7, 3.5], "texture": "#1"},
				"east": {"uv": [6.25, 1, 7, 1.5], "texture": "#1"},
				"south": {"uv": [6.5, 5, 7, 5.5], "texture": "#1"},
				"west": {"uv": [6.25, 2, 7, 2.5], "texture": "#1"},
				"up": {"uv": [3, 7, 2.5, 6.25], "texture": "#1"},
				"down": {"uv": [4, 6.25, 3.5, 7], "texture": "#1"}
			}
		},
		{
			"from": [12, 17, 7],
			"to": [14, 19, 9],
			"rotation": {"angle": 0, "axis": "y", "origin": [12, 17, 7]},
			"faces": {
				"north": {"uv": [6.75, 0, 7.25, 0.5], "texture": "#1"},
				"east": {"uv": [0.75, 6.75, 1.25, 7.25], "texture": "#1"},
				"south": {"uv": [6.5, 6.75, 7, 7.25], "texture": "#1"},
				"west": {"uv": [0, 7, 0.5, 7.5], "texture": "#1"},
				"up": {"uv": [7.5, 1.5, 7, 1], "texture": "#1"},
				"down": {"uv": [7.5, 1.5, 7, 2], "texture": "#1"}
			}
		},
		{
			"from": [10, 17, 7],
			"to": [12, 19, 9],
			"rotation": {"angle": 0, "axis": "y", "origin": [10, 17, 7]},
			"faces": {
				"north": {"uv": [7, 2, 7.5, 2.5], "texture": "#1"},
				"east": {"uv": [2.5, 7, 3, 7.5], "texture": "#1"},
				"south": {"uv": [3, 7, 3.5, 7.5], "texture": "#1"},
				"west": {"uv": [7, 3, 7.5, 3.5], "texture": "#1"},
				"up": {"uv": [4, 7.5, 3.5, 7], "texture": "#1"},
				"down": {"uv": [7.5, 3.5, 7, 4], "texture": "#1"}
			}
		},
		{
			"from": [8, 17, 6],
			"to": [10, 19, 10],
			"rotation": {"angle": 0, "axis": "y", "origin": [8, 17, 7]},
			"faces": {
				"north": {"uv": [4, 7, 4.5, 7.5], "texture": "#1"},
				"east": {"uv": [4.5, 0.5, 5.5, 1], "texture": "#1"},
				"south": {"uv": [7, 4, 7.5, 4.5], "texture": "#1"},
				"west": {"uv": [4.5, 2.5, 5.5, 3], "texture": "#1"},
				"up": {"uv": [4.5, 5.5, 4, 4.5], "texture": "#1"},
				"down": {"uv": [5, 4.5, 4.5, 5.5], "texture": "#1"}
			}
		},
		{
			"from": [20, 13, 6.5],
			"to": [22, 15, 9.5],
			"rotation": {"angle": 0, "axis": "y", "origin": [20, 13, 7.5]},
			"faces": {
				"north": {"uv": [4.5, 7, 5, 7.5], "texture": "#1"},
				"east": {"uv": [6.25, 4, 7, 4.5], "texture": "#1"},
				"south": {"uv": [7, 4.5, 7.5, 5], "texture": "#1"},
				"west": {"uv": [0, 6.5, 0.75, 7], "texture": "#1"},
				"up": {"uv": [2, 7.25, 1.5, 6.5], "texture": "#1"},
				"down": {"uv": [2.5, 6.5, 2, 7.25], "texture": "#1"}
			}
		},
		{
			"from": [18, 15, 6],
			"to": [20, 17, 10],
			"rotation": {"angle": 0, "axis": "y", "origin": [18, 15, 7]},
			"faces": {
				"north": {"uv": [5, 7, 5.5, 7.5], "texture": "#1"},
				"east": {"uv": [4.5, 3, 5.5, 3.5], "texture": "#1"},
				"south": {"uv": [7, 5, 7.5, 5.5], "texture": "#1"},
				"west": {"uv": [5, 1.5, 6, 2], "texture": "#1"},
				"up": {"uv": [2.5, 6, 2, 5], "texture": "#1"},
				"down": {"uv": [3.5, 5, 3, 6], "texture": "#1"}
			}
		},
		{
			"from": [16, 16, 6],
			"to": [18, 18, 10],
			"rotation": {"angle": 0, "axis": "y", "origin": [16, 16, 7]},
			"faces": {
				"north": {"uv": [7, 5.5, 7.5, 6], "texture": "#1"},
				"east": {"uv": [5, 3.5, 6, 4], "texture": "#1"},
				"south": {"uv": [6, 7, 6.5, 7.5], "texture": "#1"},
				"west": {"uv": [5, 4.5, 6, 5], "texture": "#1"},
				"up": {"uv": [5.5, 6, 5, 5], "texture": "#1"},
				"down": {"uv": [3, 5.25, 2.5, 6.25], "texture": "#1"}
			}
		},
		{
			"from": [22, 10, 7],
			"to": [24, 12, 9],
			"rotation": {"angle": 0, "axis": "y", "origin": [22, 10, 7]},
			"faces": {
				"north": {"uv": [7, 6, 7.5, 6.5], "texture": "#1"},
				"east": {"uv": [4, 1, 5.25, 1.5], "texture": "#1"},
				"south": {"uv": [7, 6.5, 7.5, 7], "texture": "#1"},
				"west": {"uv": [4, 2, 5.25, 2.5], "texture": "#1"},
				"up": {"uv": [3, 5.25, 2.5, 4], "texture": "#1"},
				"down": {"uv": [4, 4, 3.5, 5.25], "texture": "#1"}
			}
		},
		{
			"from": [24, 10, 7.5],
			"to": [26, 12, 8.5],
			"rotation": {"angle": 0, "axis": "y", "origin": [24, 10, 7.5]},
			"faces": {
				"north": {"uv": [7, 7, 7.5, 7.5], "texture": "#1"},
				"east": {"uv": [6.5, 0.5, 7.25, 1], "texture": "#1"},
				"south": {"uv": [7.25, 0, 7.75, 0.5], "texture": "#1"},
				"west": {"uv": [6.5, 2.5, 7.25, 3], "texture": "#1"},
				"up": {"uv": [6, 7.25, 5.5, 6.5], "texture": "#1"},
				"down": {"uv": [7, 6, 6.5, 6.75], "texture": "#1"}
			}
		},
		{
			"from": [24, 8, 7],
			"to": [26, 10, 9],
			"rotation": {"angle": 0, "axis": "y", "origin": [24, 8, 7]},
			"faces": {
				"north": {"uv": [0.5, 7.25, 1, 7.75], "texture": "#1"},
				"east": {"uv": [7.25, 0.5, 7.75, 1], "texture": "#1"},
				"south": {"uv": [1, 7.25, 1.5, 7.75], "texture": "#1"},
				"west": {"uv": [1.5, 7.25, 2, 7.75], "texture": "#1"},
				"up": {"uv": [2.5, 7.75, 2, 7.25], "texture": "#1"},
				"down": {"uv": [7.75, 2.5, 7.25, 3], "texture": "#1"}
			}
		},
		{
			"from": [24, 6, 7.5],
			"to": [26, 8, 8.5],
			"rotation": {"angle": 0, "axis": "y", "origin": [24, 6, 7.5]},
			"faces": {
				"north": {"uv": [5.5, 7.25, 6, 7.75], "texture": "#1"},
				"east": {"uv": [1.25, 6.75, 1.5, 7.25], "texture": "#1"},
				"south": {"uv": [6.5, 7.25, 7, 7.75], "texture": "#1"},
				"west": {"uv": [4, 8, 4.25, 8.5], "texture": "#1"},
				"up": {"uv": [2, 6, 1.5, 5.75], "texture": "#1"},
				"down": {"uv": [8.5, 4, 8, 4.25], "texture": "#1"}
			}
		},
		{
			"from": [12, 15, 5],
			"to": [14, 17, 11],
			"rotation": {"angle": 0, "axis": "y", "origin": [12, 15, 7]},
			"faces": {
				"north": {"uv": [0, 7.5, 0.5, 8], "texture": "#1"},
				"east": {"uv": [0, 0, 1.5, 0.5], "texture": "#1"},
				"south": {"uv": [7.5, 1, 8, 1.5], "texture": "#1"},
				"west": {"uv": [0, 0.5, 1.5, 1], "texture": "#1"},
				"up": {"uv": [0.5, 2.5, 0, 1], "texture": "#1"},
				"down": {"uv": [1, 1, 0.5, 2.5], "texture": "#1"}
			}
		},
		{
			"from": [10, 15, 5],
			"to": [12, 17, 11],
			"rotation": {"angle": 0, "axis": "y", "origin": [10, 15, 7]},
			"faces": {
				"north": {"uv": [7.5, 1.5, 8, 2], "texture": "#1"},
				"east": {"uv": [1, 1, 2.5, 1.5], "texture": "#1"},
				"south": {"uv": [7.5, 2, 8, 2.5], "texture": "#1"},
				"west": {"uv": [1.5, 0, 3, 0.5], "texture": "#1"},
				"up": {"uv": [1.5, 3, 1, 1.5], "texture": "#1"},
				"down": {"uv": [2, 1.5, 1.5, 3], "texture": "#1"}
			}
		},
		{
			"from": [9, 15, 5],
			"to": [10, 17, 11],
			"rotation": {"angle": 0, "axis": "y", "origin": [8, 15, 7]},
			"faces": {
				"north": {"uv": [2.5, 7.5, 3, 8], "texture": "#1"},
				"east": {"uv": [1.5, 0.5, 3, 1], "texture": "#1"},
				"south": {"uv": [3, 7.5, 3.5, 8], "texture": "#1"},
				"west": {"uv": [2, 1.5, 3.5, 2], "texture": "#1"},
				"up": {"uv": [2.5, 3.5, 2, 2], "texture": "#1"},
				"down": {"uv": [0.5, 2.5, 0, 4], "texture": "#1"}
			}
		},
		{
			"from": [20, 11, 5.5],
			"to": [22, 13, 10.5],
			"rotation": {"angle": 0, "axis": "y", "origin": [20, 11, 7.5]},
			"faces": {
				"north": {"uv": [7.5, 3, 8, 3.5], "texture": "#1"},
				"east": {"uv": [4, 4, 5.25, 4.5], "texture": "#1"},
				"south": {"uv": [3.5, 7.5, 4, 8], "texture": "#1"},
				"west": {"uv": [4.5, 0, 5.75, 0.5], "texture": "#1"},
				"up": {"uv": [1.5, 5.75, 1, 4.5], "texture": "#1"},
				"down": {"uv": [2, 4.5, 1.5, 5.75], "texture": "#1"}
			}
		},
		{
			"from": [18, 13, 5],
			"to": [20, 15, 11],
			"rotation": {"angle": 0, "axis": "y", "origin": [18, 13, 7]},
			"faces": {
				"north": {"uv": [7.5, 3.5, 8, 4], "texture": "#1"},
				"east": {"uv": [2.5, 1, 4, 1.5], "texture": "#1"},
				"south": {"uv": [4, 7.5, 4.5, 8], "texture": "#1"},
				"west": {"uv": [2.5, 2, 4, 2.5], "texture": "#1"},
				"up": {"uv": [1, 4, 0.5, 2.5], "texture": "#1"},
				"down": {"uv": [3, 2.5, 2.5, 4], "texture": "#1"}
			}
		},
		{
			"from": [16, 14, 5],
			"to": [18, 16, 11],
			"rotation": {"angle": 0, "axis": "y", "origin": [16, 14, 7]},
			"faces": {
				"north": {"uv": [7.5, 4, 8, 4.5], "texture": "#1"},
				"east": {"uv": [3, 0, 4.5, 0.5], "texture": "#1"},
				"south": {"uv": [4.5, 7.5, 5, 8], "texture": "#1"},
				"west": {"uv": [3, 0.5, 4.5, 1], "texture": "#1"},
				"up": {"uv": [1.5, 4.5, 1, 3], "texture": "#1"},
				"down": {"uv": [2, 3, 1.5, 4.5], "texture": "#1"}
			}
		},
		{
			"from": [14, 15, 5],
			"to": [16, 17, 11],
			"rotation": {"angle": 0, "axis": "y", "origin": [14, 15, 7]},
			"faces": {
				"north": {"uv": [7.5, 4.5, 8, 5], "texture": "#1"},
				"east": {"uv": [3, 2.5, 4.5, 3], "texture": "#1"},
				"south": {"uv": [5, 7.5, 5.5, 8], "texture": "#1"},
				"west": {"uv": [3, 3, 4.5, 3.5], "texture": "#1"},
				"up": {"uv": [2.5, 5, 2, 3.5], "texture": "#1"},
				"down": {"uv": [3.5, 3.5, 3, 5], "texture": "#1"}
			}
		},
		{
			"from": [22, 8, 6],
			"to": [24, 10, 10],
			"rotation": {"angle": 0, "axis": "y", "origin": [22, 8, 7]},
			"faces": {
				"north": {"uv": [7.5, 5, 8, 5.5], "texture": "#1"},
				"east": {"uv": [5.25, 1, 6.25, 1.5], "texture": "#1"},
				"south": {"uv": [7.5, 5.5, 8, 6], "texture": "#1"},
				"west": {"uv": [5.25, 2, 6.25, 2.5], "texture": "#1"},
				"up": {"uv": [4, 6.25, 3.5, 5.25], "texture": "#1"},
				"down": {"uv": [0.5, 5.5, 0, 6.5], "texture": "#1"}
			}
		},
		{
			"from": [12, 13, 6],
			"to": [14, 15, 10],
			"rotation": {"angle": 0, "axis": "y", "origin": [12, 13, 7]},
			"faces": {
				"north": {"uv": [6, 7.5, 6.5, 8], "texture": "#1"},
				"east": {"uv": [5.25, 4, 6.25, 4.5], "texture": "#1"},
				"south": {"uv": [7.5, 6, 8, 6.5], "texture": "#1"},
				"west": {"uv": [5.5, 0.5, 6.5, 1], "texture": "#1"},
				"up": {"uv": [1, 6.5, 0.5, 5.5], "texture": "#1"},
				"down": {"uv": [6, 2.5, 5.5, 3.5], "texture": "#1"}
			}
		},
		{
			"from": [10, 13, 7],
			"to": [12, 15, 9],
			"rotation": {"angle": 0, "axis": "y", "origin": [10, 13, 7]},
			"faces": {
				"north": {"uv": [7.5, 6.5, 8, 7], "texture": "#1"},
				"east": {"uv": [7, 7.5, 7.5, 8], "texture": "#1"},
				"south": {"uv": [7.5, 7, 8, 7.5], "texture": "#1"},
				"west": {"uv": [7.5, 7.5, 8, 8], "texture": "#1"},
				"up": {"uv": [8.25, 0.5, 7.75, 0], "texture": "#1"},
				"down": {"uv": [1, 7.75, 0.5, 8.25], "texture": "#1"}
			}
		},
		{
			"from": [9, 13, 5],
			"to": [10, 15, 11],
			"rotation": {"angle": 0, "axis": "y", "origin": [8, 13, 7]},
			"faces": {
				"north": {"uv": [7.75, 0.5, 8.25, 1], "texture": "#1"},
				"east": {"uv": [3.5, 1.5, 5, 2], "texture": "#1"},
				"south": {"uv": [1, 7.75, 1.5, 8.25], "texture": "#1"},
				"west": {"uv": [3.5, 3.5, 5, 4], "texture": "#1"},
				"up": {"uv": [0.5, 5.5, 0, 4], "texture": "#1"},
				"down": {"uv": [1, 4, 0.5, 5.5], "texture": "#1"}
			}
		},
		{
			"from": [20, 9, 6],
			"to": [22, 11, 10],
			"rotation": {"angle": 0, "axis": "y", "origin": [20, 9, 7]},
			"faces": {
				"north": {"uv": [1.5, 7.75, 2, 8.25], "texture": "#1"},
				"east": {"uv": [4, 5.5, 5, 6], "texture": "#1"},
				"south": {"uv": [2, 7.75, 2.5, 8.25], "texture": "#1"},
				"west": {"uv": [5.5, 5, 6.5, 5.5], "texture": "#1"},
				"up": {"uv": [6, 6.5, 5.5, 5.5], "texture": "#1"},
				"down": {"uv": [1.5, 5.75, 1, 6.75], "texture": "#1"}
			}
		},
		{
			"from": [18, 11, 6],
			"to": [20, 13, 10],
			"rotation": {"angle": 0, "axis": "y", "origin": [18, 11, 7]},
			"faces": {
				"north": {"uv": [7.75, 2.5, 8.25, 3], "texture": "#1"},
				"east": {"uv": [5.75, 0, 6.75, 0.5], "texture": "#1"},
				"south": {"uv": [5.5, 7.75, 6, 8.25], "texture": "#1"},
				"west": {"uv": [1.5, 6, 2.5, 6.5], "texture": "#1"},
				"up": {"uv": [6.5, 3.5, 6, 2.5], "texture": "#1"},
				"down": {"uv": [3.5, 6, 3, 7], "texture": "#1"}
			}
		},
		{
			"from": [16, 12, 6],
			"to": [18, 14, 10],
			"rotation": {"angle": 0, "axis": "y", "origin": [16, 12, 7]},
			"faces": {
				"north": {"uv": [6.5, 7.75, 7, 8.25], "texture": "#1"},
				"east": {"uv": [6, 1.5, 7, 2], "texture": "#1"},
				"south": {"uv": [0, 8, 0.5, 8.5], "texture": "#1"},
				"west": {"uv": [6, 3.5, 7, 4], "texture": "#1"},
				"up": {"uv": [4.5, 7, 4, 6], "texture": "#1"},
				"down": {"uv": [5, 6, 4.5, 7], "texture": "#1"}
			}
		},
		{
			"from": [14, 13, 6],
			"to": [16, 15, 10],
			"rotation": {"angle": 0, "axis": "y", "origin": [14, 13, 7]},
			"faces": {
				"north": {"uv": [8, 1, 8.5, 1.5], "texture": "#1"},
				"east": {"uv": [6, 4.5, 7, 5], "texture": "#1"},
				"south": {"uv": [8, 1.5, 8.5, 2], "texture": "#1"},
				"west": {"uv": [6, 5.5, 7, 6], "texture": "#1"},
				"up": {"uv": [5.5, 7, 5, 6], "texture": "#1"},
				"down": {"uv": [6.5, 6, 6, 7], "texture": "#1"}
			}
		},
		{
			"from": [14, 17, 7],
			"to": [16, 19, 9],
			"rotation": {"angle": 0, "axis": "y", "origin": [14, 17, 7]},
			"faces": {
				"north": {"uv": [8, 2, 8.5, 2.5], "texture": "#1"},
				"east": {"uv": [2.5, 8, 3, 8.5], "texture": "#1"},
				"south": {"uv": [3, 8, 3.5, 8.5], "texture": "#1"},
				"west": {"uv": [8, 3, 8.5, 3.5], "texture": "#1"},
				"up": {"uv": [4, 8.5, 3.5, 8], "texture": "#1"},
				"down": {"uv": [8.5, 3.5, 8, 4], "texture": "#1"}
			}
		},
		{
			"from": [22, 14, 7],
			"to": [24, 26, 9],
			"rotation": {"angle": 0, "axis": "y", "origin": [22, 26, 7]},
			"faces": {
				"north": {"uv": [6.5, 3.5, 7, 3], "texture": "#1"},
				"east": {"uv": [6.25, 1.5, 7, 1], "texture": "#1"},
				"south": {"uv": [6.5, 5.5, 7, 5], "texture": "#1"},
				"west": {"uv": [6.25, 2.5, 7, 2], "texture": "#1"},
				"up": {"uv": [4, 7, 3.5, 6.25], "texture": "#1"},
				"down": {"uv": [3, 6.25, 2.5, 7], "texture": "#1"}
			}
		},
		{
			"from": [12, 19, 7],
			"to": [14, 21, 9],
			"rotation": {"angle": 0, "axis": "y", "origin": [12, 21, 7]},
			"faces": {
				"north": {"uv": [6.75, 0.5, 7.25, 0], "texture": "#1"},
				"east": {"uv": [0.75, 7.25, 1.25, 6.75], "texture": "#1"},
				"south": {"uv": [6.5, 7.25, 7, 6.75], "texture": "#1"},
				"west": {"uv": [0, 7.5, 0.5, 7], "texture": "#1"},
				"up": {"uv": [7.5, 2, 7, 1.5], "texture": "#1"},
				"down": {"uv": [7.5, 1, 7, 1.5], "texture": "#1"}
			}
		},
		{
			"from": [10, 19, 7],
			"to": [12, 21, 9],
			"rotation": {"angle": 0, "axis": "y", "origin": [10, 21, 7]},
			"faces": {
				"north": {"uv": [7, 2.5, 7.5, 2], "texture": "#1"},
				"east": {"uv": [2.5, 7.5, 3, 7], "texture": "#1"},
				"south": {"uv": [3, 7.5, 3.5, 7], "texture": "#1"},
				"west": {"uv": [7, 3.5, 7.5, 3], "texture": "#1"},
				"up": {"uv": [7.5, 4, 7, 3.5], "texture": "#1"},
				"down": {"uv": [4, 7, 3.5, 7.5], "texture": "#1"}
			}
		},
		{
			"from": [8, 19, 6],
			"to": [10, 21, 10],
			"rotation": {"angle": 0, "axis": "y", "origin": [8, 21, 7]},
			"faces": {
				"north": {"uv": [4, 7.5, 4.5, 7], "texture": "#1"},
				"east": {"uv": [4.5, 1, 5.5, 0.5], "texture": "#1"},
				"south": {"uv": [7, 4.5, 7.5, 4], "texture": "#1"},
				"west": {"uv": [4.5, 3, 5.5, 2.5], "texture": "#1"},
				"up": {"uv": [5, 5.5, 4.5, 4.5], "texture": "#1"},
				"down": {"uv": [4.5, 4.5, 4, 5.5], "texture": "#1"}
			}
		},
		{
			"from": [20, 15, 6.5],
			"to": [22, 25, 9.5],
			"rotation": {"angle": 0, "axis": "y", "origin": [20, 25, 7.5]},
			"faces": {
				"north": {"uv": [4.5, 7.5, 5, 7], "texture": "#1"},
				"east": {"uv": [6.25, 4.5, 7, 4], "texture": "#1"},
				"south": {"uv": [7, 5, 7.5, 4.5], "texture": "#1"},
				"west": {"uv": [0, 7, 0.75, 6.5], "texture": "#1"},
				"up": {"uv": [2.5, 7.25, 2, 6.5], "texture": "#1"},
				"down": {"uv": [2, 6.5, 1.5, 7.25], "texture": "#1"}
			}
		},
		{
			"from": [18, 17, 6],
			"to": [20, 23, 10],
			"rotation": {"angle": 0, "axis": "y", "origin": [18, 23, 7]},
			"faces": {
				"north": {"uv": [5, 7.5, 5.5, 7], "texture": "#1"},
				"east": {"uv": [4.5, 3.5, 5.5, 3], "texture": "#1"},
				"south": {"uv": [7, 5.5, 7.5, 5], "texture": "#1"},
				"west": {"uv": [5, 2, 6, 1.5], "texture": "#1"},
				"up": {"uv": [3.5, 6, 3, 5], "texture": "#1"},
				"down": {"uv": [2.5, 5, 2, 6], "texture": "#1"}
			}
		},
		{
			"from": [16, 18, 6],
			"to": [18, 22, 10],
			"rotation": {"angle": 0, "axis": "y", "origin": [16, 22, 7]},
			"faces": {
				"north": {"uv": [7, 6, 7.5, 5.5], "texture": "#1"},
				"east": {"uv": [5, 4, 6, 3.5], "texture": "#1"},
				"south": {"uv": [6, 7.5, 6.5, 7], "texture": "#1"},
				"west": {"uv": [5, 5, 6, 4.5], "texture": "#1"},
				"up": {"uv": [3, 6.25, 2.5, 5.25], "texture": "#1"},
				"down": {"uv": [5.5, 5, 5, 6], "texture": "#1"}
			}
		},
		{
			"from": [22, 26, 7],
			"to": [24, 28, 9],
			"rotation": {"angle": 0, "axis": "y", "origin": [22, 28, 7]},
			"faces": {
				"north": {"uv": [7, 6.5, 7.5, 6], "texture": "#1"},
				"east": {"uv": [4, 1.5, 5.25, 1], "texture": "#1"},
				"south": {"uv": [7, 7, 7.5, 6.5], "texture": "#1"},
				"west": {"uv": [4, 2.5, 5.25, 2], "texture": "#1"},
				"up": {"uv": [4, 5.25, 3.5, 4], "texture": "#1"},
				"down": {"uv": [3, 4, 2.5, 5.25], "texture": "#1"}
			}
		},
		{
			"from": [24, 26, 7.5],
			"to": [26, 28, 8.5],
			"rotation": {"angle": 0, "axis": "y", "origin": [24, 28, 7.5]},
			"faces": {
				"north": {"uv": [7, 7.5, 7.5, 7], "texture": "#1"},
				"east": {"uv": [6.5, 1, 7.25, 0.5], "texture": "#1"},
				"south": {"uv": [7.25, 0.5, 7.75, 0], "texture": "#1"},
				"west": {"uv": [6.5, 3, 7.25, 2.5], "texture": "#1"},
				"up": {"uv": [7, 6.75, 6.5, 6], "texture": "#1"},
				"down": {"uv": [6, 6.5, 5.5, 7.25], "texture": "#1"}
			}
		},
		{
			"from": [24, 24, 7.5],
			"to": [26, 26, 8.5],
			"rotation": {"angle": 0, "axis": "y", "origin": [24, 26, 7.5]},
			"faces": {
				"north": {"uv": [7, 7.5, 7.5, 7], "texture": "#1"},
				"east": {"uv": [6.5, 1, 7.25, 0.5], "texture": "#1"},
				"south": {"uv": [7.25, 0.5, 7.75, 0], "texture": "#1"},
				"west": {"uv": [6.5, 3, 7.25, 2.5], "texture": "#1"},
				"up": {"uv": [7, 6.75, 6.5, 6], "texture": "#1"},
				"down": {"uv": [6, 6.5, 5.5, 7.25], "texture": "#1"}
			}
		},
		{
			"from": [24, 22, 7.5],
			"to": [26, 24, 8.5],
			"rotation": {"angle": 0, "axis": "y", "origin": [24, 24, 7.5]},
			"faces": {
				"north": {"uv": [7, 7.5, 7.5, 7], "texture": "#1"},
				"east": {"uv": [6.5, 1, 7.25, 0.5], "texture": "#1"},
				"south": {"uv": [7.25, 0.5, 7.75, 0], "texture": "#1"},
				"west": {"uv": [6.5, 3, 7.25, 2.5], "texture": "#1"},
				"up": {"uv": [7, 6.75, 6.5, 6], "texture": "#1"},
				"down": {"uv": [6, 6.5, 5.5, 7.25], "texture": "#1"}
			}
		},
		{
			"from": [24, 20, 7.5],
			"to": [26, 22, 8.5],
			"rotation": {"angle": 0, "axis": "y", "origin": [24, 22, 7.5]},
			"faces": {
				"north": {"uv": [7, 7.5, 7.5, 7], "texture": "#1"},
				"east": {"uv": [6.5, 1, 7.25, 0.5], "texture": "#1"},
				"south": {"uv": [7.25, 0.5, 7.75, 0], "texture": "#1"},
				"west": {"uv": [6.5, 3, 7.25, 2.5], "texture": "#1"},
				"up": {"uv": [7, 6.75, 6.5, 6], "texture": "#1"},
				"down": {"uv": [6, 6.5, 5.5, 7.25], "texture": "#1"}
			}
		},
		{
			"from": [24, 18, 7.5],
			"to": [26, 20, 8.5],
			"rotation": {"angle": 0, "axis": "y", "origin": [24, 20, 7.5]},
			"faces": {
				"north": {"uv": [7, 7.5, 7.5, 7], "texture": "#1"},
				"east": {"uv": [6.5, 1, 7.25, 0.5], "texture": "#1"},
				"south": {"uv": [7.25, 0.5, 7.75, 0], "texture": "#1"},
				"west": {"uv": [6.5, 3, 7.25, 2.5], "texture": "#1"},
				"up": {"uv": [7, 6.75, 6.5, 6], "texture": "#1"},
				"down": {"uv": [6, 6.5, 5.5, 7.25], "texture": "#1"}
			}
		},
		{
			"from": [24, 16, 7.5],
			"to": [26, 18, 8.5],
			"rotation": {"angle": 0, "axis": "y", "origin": [24, 18, 7.5]},
			"faces": {
				"north": {"uv": [7, 7.5, 7.5, 7], "texture": "#1"},
				"east": {"uv": [6.5, 1, 7.25, 0.5], "texture": "#1"},
				"south": {"uv": [7.25, 0.5, 7.75, 0], "texture": "#1"},
				"west": {"uv": [6.5, 3, 7.25, 2.5], "texture": "#1"},
				"up": {"uv": [7, 6.75, 6.5, 6], "texture": "#1"},
				"down": {"uv": [6, 6.5, 5.5, 7.25], "texture": "#1"}
			}
		},
		{
			"from": [24, 14, 7.5],
			"to": [26, 16, 8.5],
			"rotation": {"angle": 0, "axis": "y", "origin": [24, 16, 7.5]},
			"faces": {
				"north": {"uv": [7, 7.5, 7.5, 7], "texture": "#1"},
				"east": {"uv": [6.5, 1, 7.25, 0.5], "texture": "#1"},
				"south": {"uv": [7.25, 0.5, 7.75, 0], "texture": "#1"},
				"west": {"uv": [6.5, 3, 7.25, 2.5], "texture": "#1"},
				"up": {"uv": [7, 6.75, 6.5, 6], "texture": "#1"},
				"down": {"uv": [6, 6.5, 5.5, 7.25], "texture": "#1"}
			}
		},
		{
			"from": [24, 12, 7.5],
			"to": [26, 14, 8.5],
			"rotation": {"angle": 0, "axis": "y", "origin": [24, 14, 7.5]},
			"faces": {
				"north": {"uv": [7, 7.5, 7.5, 7], "texture": "#1"},
				"east": {"uv": [6.5, 1, 7.25, 0.5], "texture": "#1"},
				"south": {"uv": [7.25, 0.5, 7.75, 0], "texture": "#1"},
				"west": {"uv": [6.5, 3, 7.25, 2.5], "texture": "#1"},
				"up": {"uv": [7, 6.75, 6.5, 6], "texture": "#1"},
				"down": {"uv": [6, 6.5, 5.5, 7.25], "texture": "#1"}
			}
		},
		{
			"from": [24, 28, 7],
			"to": [26, 30, 9],
			"rotation": {"angle": 0, "axis": "y", "origin": [24, 30, 7]},
			"faces": {
				"north": {"uv": [0.5, 7.75, 1, 7.25], "texture": "#1"},
				"east": {"uv": [7.25, 1, 7.75, 0.5], "texture": "#1"},
				"south": {"uv": [1, 7.75, 1.5, 7.25], "texture": "#1"},
				"west": {"uv": [1.5, 7.75, 2, 7.25], "texture": "#1"},
				"up": {"uv": [7.75, 3, 7.25, 2.5], "texture": "#1"},
				"down": {"uv": [2.5, 7.25, 2, 7.75], "texture": "#1"}
			}
		},
		{
			"from": [24, 30, 7.5],
			"to": [26, 32, 8.5],
			"rotation": {"angle": 0, "axis": "y", "origin": [24, 32, 7.5]},
			"faces": {
				"north": {"uv": [5.5, 7.75, 6, 7.25], "texture": "#1"},
				"east": {"uv": [1.25, 7.25, 1.5, 6.75], "texture": "#1"},
				"south": {"uv": [6.5, 7.75, 7, 7.25], "texture": "#1"},
				"west": {"uv": [4, 8.5, 4.25, 8], "texture": "#1"},
				"up": {"uv": [8.5, 4.25, 8, 4], "texture": "#1"},
				"down": {"uv": [2, 5.75, 1.5, 6], "texture": "#1"}
			}
		},
		{
			"from": [12, 21, 5],
			"to": [14, 23, 11],
			"rotation": {"angle": 0, "axis": "y", "origin": [12, 23, 7]},
			"faces": {
				"north": {"uv": [0, 8, 0.5, 7.5], "texture": "#1"},
				"east": {"uv": [0, 0.5, 1.5, 0], "texture": "#1"},
				"south": {"uv": [7.5, 1.5, 8, 1], "texture": "#1"},
				"west": {"uv": [0, 1, 1.5, 0.5], "texture": "#1"},
				"up": {"uv": [1, 2.5, 0.5, 1], "texture": "#1"},
				"down": {"uv": [0.5, 1, 0, 2.5], "texture": "#1"}
			}
		},
		{
			"from": [10, 21, 5],
			"to": [12, 23, 11],
			"rotation": {"angle": 0, "axis": "y", "origin": [10, 23, 7]},
			"faces": {
				"north": {"uv": [7.5, 2, 8, 1.5], "texture": "#1"},
				"east": {"uv": [1, 1.5, 2.5, 1], "texture": "#1"},
				"south": {"uv": [7.5, 2.5, 8, 2], "texture": "#1"},
				"west": {"uv": [1.5, 0.5, 3, 0], "texture": "#1"},
				"up": {"uv": [2, 3, 1.5, 1.5], "texture": "#1"},
				"down": {"uv": [1.5, 1.5, 1, 3], "texture": "#1"}
			}
		},
		{
			"from": [8, 21, 5],
			"to": [10, 23, 11],
			"rotation": {"angle": 0, "axis": "y", "origin": [8, 23, 7]},
			"faces": {
				"north": {"uv": [2.5, 8, 3, 7.5], "texture": "#1"},
				"east": {"uv": [1.5, 1, 3, 0.5], "texture": "#1"},
				"south": {"uv": [3, 8, 3.5, 7.5], "texture": "#1"},
				"west": {"uv": [2, 2, 3.5, 1.5], "texture": "#1"},
				"up": {"uv": [0.5, 4, 0, 2.5], "texture": "#1"},
				"down": {"uv": [2.5, 2, 2, 3.5], "texture": "#1"}
			}
		},
		{
			"from": [20, 25, 5.5],
			"to": [22, 27, 10.5],
			"rotation": {"angle": 0, "axis": "y", "origin": [20, 27, 7.5]},
			"faces": {
				"north": {"uv": [7.5, 3.5, 8, 3], "texture": "#1"},
				"east": {"uv": [4, 4.5, 5.25, 4], "texture": "#1"},
				"south": {"uv": [3.5, 8, 4, 7.5], "texture": "#1"},
				"west": {"uv": [4.5, 0.5, 5.75, 0], "texture": "#1"},
				"up": {"uv": [2, 5.75, 1.5, 4.5], "texture": "#1"},
				"down": {"uv": [1.5, 4.5, 1, 5.75], "texture": "#1"}
			}
		},
		{
			"from": [18, 23, 5],
			"to": [20, 25, 11],
			"rotation": {"angle": 0, "axis": "y", "origin": [18, 25, 7]},
			"faces": {
				"north": {"uv": [7.5, 4, 8, 3.5], "texture": "#1"},
				"east": {"uv": [2.5, 1.5, 4, 1], "texture": "#1"},
				"south": {"uv": [4, 8, 4.5, 7.5], "texture": "#1"},
				"west": {"uv": [2.5, 2.5, 4, 2], "texture": "#1"},
				"up": {"uv": [3, 4, 2.5, 2.5], "texture": "#1"},
				"down": {"uv": [1, 2.5, 0.5, 4], "texture": "#1"}
			}
		},
		{
			"from": [16, 22, 5],
			"to": [18, 24, 11],
			"rotation": {"angle": 0, "axis": "y", "origin": [16, 24, 7]},
			"faces": {
				"north": {"uv": [7.5, 4.5, 8, 4], "texture": "#1"},
				"east": {"uv": [3, 0.5, 4.5, 0], "texture": "#1"},
				"south": {"uv": [4.5, 8, 5, 7.5], "texture": "#1"},
				"west": {"uv": [3, 1, 4.5, 0.5], "texture": "#1"},
				"up": {"uv": [2, 4.5, 1.5, 3], "texture": "#1"},
				"down": {"uv": [1.5, 3, 1, 4.5], "texture": "#1"}
			}
		},
		{
			"from": [14, 21, 5],
			"to": [16, 23, 11],
			"rotation": {"angle": 0, "axis": "y", "origin": [14, 23, 7]},
			"faces": {
				"north": {"uv": [7.5, 5, 8, 4.5], "texture": "#1"},
				"east": {"uv": [3, 3, 4.5, 2.5], "texture": "#1"},
				"south": {"uv": [5, 8, 5.5, 7.5], "texture": "#1"},
				"west": {"uv": [3, 3.5, 4.5, 3], "texture": "#1"},
				"up": {"uv": [3.5, 5, 3, 3.5], "texture": "#1"},
				"down": {"uv": [2.5, 3.5, 2, 5], "texture": "#1"}
			}
		},
		{
			"from": [22, 28, 6],
			"to": [24, 30, 10],
			"rotation": {"angle": 0, "axis": "y", "origin": [22, 30, 7]},
			"faces": {
				"north": {"uv": [7.5, 5.5, 8, 5], "texture": "#1"},
				"east": {"uv": [5.25, 1.5, 6.25, 1], "texture": "#1"},
				"south": {"uv": [7.5, 6, 8, 5.5], "texture": "#1"},
				"west": {"uv": [5.25, 2.5, 6.25, 2], "texture": "#1"},
				"up": {"uv": [0.5, 6.5, 0, 5.5], "texture": "#1"},
				"down": {"uv": [4, 5.25, 3.5, 6.25], "texture": "#1"}
			}
		},
		{
			"from": [12, 23, 6],
			"to": [14, 25, 10],
			"rotation": {"angle": 0, "axis": "y", "origin": [12, 25, 7]},
			"faces": {
				"north": {"uv": [6, 8, 6.5, 7.5], "texture": "#1"},
				"east": {"uv": [5.25, 4.5, 6.25, 4], "texture": "#1"},
				"south": {"uv": [7.5, 6.5, 8, 6], "texture": "#1"},
				"west": {"uv": [5.5, 1, 6.5, 0.5], "texture": "#1"},
				"up": {"uv": [6, 3.5, 5.5, 2.5], "texture": "#1"},
				"down": {"uv": [1, 5.5, 0.5, 6.5], "texture": "#1"}
			}
		},
		{
			"from": [10, 23, 7],
			"to": [12, 25, 9],
			"rotation": {"angle": 0, "axis": "y", "origin": [10, 25, 7]},
			"faces": {
				"north": {"uv": [7.5, 7, 8, 6.5], "texture": "#1"},
				"east": {"uv": [7, 8, 7.5, 7.5], "texture": "#1"},
				"south": {"uv": [7.5, 7.5, 8, 7], "texture": "#1"},
				"west": {"uv": [7.5, 8, 8, 7.5], "texture": "#1"},
				"up": {"uv": [1, 8.25, 0.5, 7.75], "texture": "#1"},
				"down": {"uv": [8.25, 0, 7.75, 0.5], "texture": "#1"}
			}
		},
		{
			"from": [8, 23, 5],
			"to": [10, 25, 11],
			"rotation": {"angle": 0, "axis": "y", "origin": [8, 25, 7]},
			"faces": {
				"north": {"uv": [7.75, 1, 8.25, 0.5], "texture": "#1"},
				"east": {"uv": [3.5, 2, 5, 1.5], "texture": "#1"},
				"south": {"uv": [1, 8.25, 1.5, 7.75], "texture": "#1"},
				"west": {"uv": [3.5, 4, 5, 3.5], "texture": "#1"},
				"up": {"uv": [1, 5.5, 0.5, 4], "texture": "#1"},
				"down": {"uv": [0.5, 4, 0, 5.5], "texture": "#1"}
			}
		},
		{
			"from": [20, 27, 6],
			"to": [22, 29, 10],
			"rotation": {"angle": 0, "axis": "y", "origin": [20, 29, 7]},
			"faces": {
				"north": {"uv": [1.5, 8.25, 2, 7.75], "texture": "#1"},
				"east": {"uv": [4, 6, 5, 5.5], "texture": "#1"},
				"south": {"uv": [2, 8.25, 2.5, 7.75], "texture": "#1"},
				"west": {"uv": [5.5, 5.5, 6.5, 5], "texture": "#1"},
				"up": {"uv": [1.5, 6.75, 1, 5.75], "texture": "#1"},
				"down": {"uv": [6, 5.5, 5.5, 6.5], "texture": "#1"}
			}
		},
		{
			"from": [18, 25, 6],
			"to": [20, 27, 10],
			"rotation": {"angle": 0, "axis": "y", "origin": [18, 27, 7]},
			"faces": {
				"north": {"uv": [7.75, 3, 8.25, 2.5], "texture": "#1"},
				"east": {"uv": [5.75, 0.5, 6.75, 0], "texture": "#1"},
				"south": {"uv": [5.5, 8.25, 6, 7.75], "texture": "#1"},
				"west": {"uv": [1.5, 6.5, 2.5, 6], "texture": "#1"},
				"up": {"uv": [3.5, 7, 3, 6], "texture": "#1"},
				"down": {"uv": [6.5, 2.5, 6, 3.5], "texture": "#1"}
			}
		},
		{
			"from": [16, 24, 6],
			"to": [18, 26, 10],
			"rotation": {"angle": 0, "axis": "y", "origin": [16, 26, 7]},
			"faces": {
				"north": {"uv": [6.5, 8.25, 7, 7.75], "texture": "#1"},
				"east": {"uv": [6, 2, 7, 1.5], "texture": "#1"},
				"south": {"uv": [0, 8.5, 0.5, 8], "texture": "#1"},
				"west": {"uv": [6, 4, 7, 3.5], "texture": "#1"},
				"up": {"uv": [5, 7, 4.5, 6], "texture": "#1"},
				"down": {"uv": [4.5, 6, 4, 7], "texture": "#1"}
			}
		},
		{
			"from": [14, 23, 6],
			"to": [16, 25, 10],
			"rotation": {"angle": 0, "axis": "y", "origin": [14, 25, 7]},
			"faces": {
				"north": {"uv": [8, 1.5, 8.5, 1], "texture": "#1"},
				"east": {"uv": [6, 5, 7, 4.5], "texture": "#1"},
				"south": {"uv": [8, 2, 8.5, 1.5], "texture": "#1"},
				"west": {"uv": [6, 6, 7, 5.5], "texture": "#1"},
				"up": {"uv": [6.5, 7, 6, 6], "texture": "#1"},
				"down": {"uv": [5.5, 6, 5, 7], "texture": "#1"}
			}
		},
		{
			"from": [14, 19, 7],
			"to": [16, 21, 9],
			"rotation": {"angle": 0, "axis": "y", "origin": [14, 21, 7]},
			"faces": {
				"north": {"uv": [8, 2.5, 8.5, 2], "texture": "#1"},
				"east": {"uv": [2.5, 8.5, 3, 8], "texture": "#1"},
				"south": {"uv": [3, 8.5, 3.5, 8], "texture": "#1"},
				"west": {"uv": [8, 3.5, 8.5, 3], "texture": "#1"},
				"up": {"uv": [8.5, 4, 8, 3.5], "texture": "#1"},
				"down": {"uv": [4, 8, 3.5, 8.5], "texture": "#1"}
			}
		},
		{
			"from": [-8, 12, 7],
			"to": [-6, 14, 9],
			"rotation": {"angle": 0, "axis": "y", "origin": [-6, 12, 7]},
			"faces": {
				"north": {"uv": [7, 3, 6.5, 3.5], "texture": "#1"},
				"east": {"uv": [7, 2, 6.25, 2.5], "texture": "#1"},
				"south": {"uv": [7, 5, 6.5, 5.5], "texture": "#1"},
				"west": {"uv": [7, 1, 6.25, 1.5], "texture": "#1"},
				"up": {"uv": [2.5, 7, 3, 6.25], "texture": "#1"},
				"down": {"uv": [3.5, 6.25, 4, 7], "texture": "#1"}
			}
		},
		{
			"from": [2, 17, 7],
			"to": [4, 19, 9],
			"rotation": {"angle": 0, "axis": "y", "origin": [4, 17, 7]},
			"faces": {
				"north": {"uv": [7.25, 0, 6.75, 0.5], "texture": "#1"},
				"east": {"uv": [0.5, 7, 0, 7.5], "texture": "#1"},
				"south": {"uv": [7, 6.75, 6.5, 7.25], "texture": "#1"},
				"west": {"uv": [1.25, 6.75, 0.75, 7.25], "texture": "#1"},
				"up": {"uv": [7, 1.5, 7.5, 1], "texture": "#1"},
				"down": {"uv": [7, 1.5, 7.5, 2], "texture": "#1"}
			}
		},
		{
			"from": [4, 17, 7],
			"to": [6, 19, 9],
			"rotation": {"angle": 0, "axis": "y", "origin": [6, 17, 7]},
			"faces": {
				"north": {"uv": [7.5, 2, 7, 2.5], "texture": "#1"},
				"east": {"uv": [7.5, 3, 7, 3.5], "texture": "#1"},
				"south": {"uv": [3.5, 7, 3, 7.5], "texture": "#1"},
				"west": {"uv": [3, 7, 2.5, 7.5], "texture": "#1"},
				"up": {"uv": [3.5, 7.5, 4, 7], "texture": "#1"},
				"down": {"uv": [7, 3.5, 7.5, 4], "texture": "#1"}
			}
		},
		{
			"from": [6, 17, 6],
			"to": [8, 19, 10],
			"rotation": {"angle": 0, "axis": "y", "origin": [8, 17, 7]},
			"faces": {
				"north": {"uv": [4.5, 7, 4, 7.5], "texture": "#1"},
				"east": {"uv": [5.5, 2.5, 4.5, 3], "texture": "#1"},
				"south": {"uv": [7.5, 4, 7, 4.5], "texture": "#1"},
				"west": {"uv": [5.5, 0.5, 4.5, 1], "texture": "#1"},
				"up": {"uv": [4, 5.5, 4.5, 4.5], "texture": "#1"},
				"down": {"uv": [4.5, 4.5, 5, 5.5], "texture": "#1"}
			}
		},
		{
			"from": [-6, 13, 6.5],
			"to": [-4, 15, 9.5],
			"rotation": {"angle": 0, "axis": "y", "origin": [-4, 13, 7.5]},
			"faces": {
				"north": {"uv": [5, 7, 4.5, 7.5], "texture": "#1"},
				"east": {"uv": [0.75, 6.5, 0, 7], "texture": "#1"},
				"south": {"uv": [7.5, 4.5, 7, 5], "texture": "#1"},
				"west": {"uv": [7, 4, 6.25, 4.5], "texture": "#1"},
				"up": {"uv": [1.5, 7.25, 2, 6.5], "texture": "#1"},
				"down": {"uv": [2, 6.5, 2.5, 7.25], "texture": "#1"}
			}
		},
		{
			"from": [-4, 15, 6],
			"to": [-2, 17, 10],
			"rotation": {"angle": 0, "axis": "y", "origin": [-2, 15, 7]},
			"faces": {
				"north": {"uv": [5.5, 7, 5, 7.5], "texture": "#1"},
				"east": {"uv": [6, 1.5, 5, 2], "texture": "#1"},
				"south": {"uv": [7.5, 5, 7, 5.5], "texture": "#1"},
				"west": {"uv": [5.5, 3, 4.5, 3.5], "texture": "#1"},
				"up": {"uv": [2, 6, 2.5, 5], "texture": "#1"},
				"down": {"uv": [3, 5, 3.5, 6], "texture": "#1"}
			}
		},
		{
			"from": [-2, 16, 6],
			"to": [0, 18, 10],
			"rotation": {"angle": 0, "axis": "y", "origin": [0, 16, 7]},
			"faces": {
				"north": {"uv": [7.5, 5.5, 7, 6], "texture": "#1"},
				"east": {"uv": [6, 4.5, 5, 5], "texture": "#1"},
				"south": {"uv": [6.5, 7, 6, 7.5], "texture": "#1"},
				"west": {"uv": [6, 3.5, 5, 4], "texture": "#1"},
				"up": {"uv": [5, 6, 5.5, 5], "texture": "#1"},
				"down": {"uv": [2.5, 5.25, 3, 6.25], "texture": "#1"}
			}
		},
		{
			"from": [-8, 10, 7],
			"to": [-6, 12, 9],
			"rotation": {"angle": 0, "axis": "y", "origin": [-6, 10, 7]},
			"faces": {
				"north": {"uv": [7.5, 6, 7, 6.5], "texture": "#1"},
				"east": {"uv": [5.25, 2, 4, 2.5], "texture": "#1"},
				"south": {"uv": [7.5, 6.5, 7, 7], "texture": "#1"},
				"west": {"uv": [5.25, 1, 4, 1.5], "texture": "#1"},
				"up": {"uv": [2.5, 5.25, 3, 4], "texture": "#1"},
				"down": {"uv": [3.5, 4, 4, 5.25], "texture": "#1"}
			}
		},
		{
			"from": [-10, 10, 7.5],
			"to": [-8, 12, 8.5],
			"rotation": {"angle": 0, "axis": "y", "origin": [-8, 10, 7.5]},
			"faces": {
				"north": {"uv": [7.5, 7, 7, 7.5], "texture": "#1"},
				"east": {"uv": [7.25, 2.5, 6.5, 3], "texture": "#1"},
				"south": {"uv": [7.75, 0, 7.25, 0.5], "texture": "#1"},
				"west": {"uv": [7.25, 0.5, 6.5, 1], "texture": "#1"},
				"up": {"uv": [5.5, 7.25, 6, 6.5], "texture": "#1"},
				"down": {"uv": [6.5, 6, 7, 6.75], "texture": "#1"}
			}
		},
		{
			"from": [-10, 8, 7],
			"to": [-8, 10, 9],
			"rotation": {"angle": 0, "axis": "y", "origin": [-8, 8, 7]},
			"faces": {
				"north": {"uv": [1, 7.25, 0.5, 7.75], "texture": "#1"},
				"east": {"uv": [2, 7.25, 1.5, 7.75], "texture": "#1"},
				"south": {"uv": [1.5, 7.25, 1, 7.75], "texture": "#1"},
				"west": {"uv": [7.75, 0.5, 7.25, 1], "texture": "#1"},
				"up": {"uv": [2, 7.75, 2.5, 7.25], "texture": "#1"},
				"down": {"uv": [7.25, 2.5, 7.75, 3], "texture": "#1"}
			}
		},
		{
			"from": [-10, 6, 7.5],
			"to": [-8, 8, 8.5],
			"rotation": {"angle": 0, "axis": "y", "origin": [-8, 6, 7.5]},
			"faces": {
				"north": {"uv": [6, 7.25, 5.5, 7.75], "texture": "#1"},
				"east": {"uv": [4.25, 8, 4, 8.5], "texture": "#1"},
				"south": {"uv": [7, 7.25, 6.5, 7.75], "texture": "#1"},
				"west": {"uv": [1.5, 6.75, 1.25, 7.25], "texture": "#1"},
				"up": {"uv": [1.5, 6, 2, 5.75], "texture": "#1"},
				"down": {"uv": [8, 4, 8.5, 4.25], "texture": "#1"}
			}
		},
		{
			"from": [2, 15, 5],
			"to": [4, 17, 11],
			"rotation": {"angle": 0, "axis": "y", "origin": [4, 15, 7]},
			"faces": {
				"north": {"uv": [0.5, 7.5, 0, 8], "texture": "#1"},
				"east": {"uv": [1.5, 0.5, 0, 1], "texture": "#1"},
				"south": {"uv": [8, 1, 7.5, 1.5], "texture": "#1"},
				"west": {"uv": [1.5, 0, 0, 0.5], "texture": "#1"},
				"up": {"uv": [0, 2.5, 0.5, 1], "texture": "#1"},
				"down": {"uv": [0.5, 1, 1, 2.5], "texture": "#1"}
			}
		},
		{
			"from": [4, 15, 5],
			"to": [6, 17, 11],
			"rotation": {"angle": 0, "axis": "y", "origin": [6, 15, 7]},
			"faces": {
				"north": {"uv": [8, 1.5, 7.5, 2], "texture": "#1"},
				"east": {"uv": [3, 0, 1.5, 0.5], "texture": "#1"},
				"south": {"uv": [8, 2, 7.5, 2.5], "texture": "#1"},
				"west": {"uv": [2.5, 1, 1, 1.5], "texture": "#1"},
				"up": {"uv": [1, 3, 1.5, 1.5], "texture": "#1"},
				"down": {"uv": [1.5, 1.5, 2, 3], "texture": "#1"}
			}
		},
		{
			"from": [6, 15, 5],
			"to": [7, 17, 11],
			"rotation": {"angle": 0, "axis": "y", "origin": [8, 15, 7]},
			"faces": {
				"north": {"uv": [3, 7.5, 2.5, 8], "texture": "#1"},
				"east": {"uv": [3.5, 1.5, 2, 2], "texture": "#1"},
				"south": {"uv": [3.5, 7.5, 3, 8], "texture": "#1"},
				"west": {"uv": [3, 0.5, 1.5, 1], "texture": "#1"},
				"up": {"uv": [2, 3.5, 2.5, 2], "texture": "#1"},
				"down": {"uv": [0, 2.5, 0.5, 4], "texture": "#1"}
			}
		},
		{
			"from": [-6, 11, 5.5],
			"to": [-4, 13, 10.5],
			"rotation": {"angle": 0, "axis": "y", "origin": [-4, 11, 7.5]},
			"faces": {
				"north": {"uv": [8, 3, 7.5, 3.5], "texture": "#1"},
				"east": {"uv": [5.75, 0, 4.5, 0.5], "texture": "#1"},
				"south": {"uv": [4, 7.5, 3.5, 8], "texture": "#1"},
				"west": {"uv": [5.25, 4, 4, 4.5], "texture": "#1"},
				"up": {"uv": [1, 5.75, 1.5, 4.5], "texture": "#1"},
				"down": {"uv": [1.5, 4.5, 2, 5.75], "texture": "#1"}
			}
		},
		{
			"from": [-4, 13, 5],
			"to": [-2, 15, 11],
			"rotation": {"angle": 0, "axis": "y", "origin": [-2, 13, 7]},
			"faces": {
				"north": {"uv": [8, 3.5, 7.5, 4], "texture": "#1"},
				"east": {"uv": [4, 2, 2.5, 2.5], "texture": "#1"},
				"south": {"uv": [4.5, 7.5, 4, 8], "texture": "#1"},
				"west": {"uv": [4, 1, 2.5, 1.5], "texture": "#1"},
				"up": {"uv": [0.5, 4, 1, 2.5], "texture": "#1"},
				"down": {"uv": [2.5, 2.5, 3, 4], "texture": "#1"}
			}
		},
		{
			"from": [-2, 14, 5],
			"to": [0, 16, 11],
			"rotation": {"angle": 0, "axis": "y", "origin": [0, 14, 7]},
			"faces": {
				"north": {"uv": [8, 4, 7.5, 4.5], "texture": "#1"},
				"east": {"uv": [4.5, 0.5, 3, 1], "texture": "#1"},
				"south": {"uv": [5, 7.5, 4.5, 8], "texture": "#1"},
				"west": {"uv": [4.5, 0, 3, 0.5], "texture": "#1"},
				"up": {"uv": [1, 4.5, 1.5, 3], "texture": "#1"},
				"down": {"uv": [1.5, 3, 2, 4.5], "texture": "#1"}
			}
		},
		{
			"from": [0, 15, 5],
			"to": [2, 17, 11],
			"rotation": {"angle": 0, "axis": "y", "origin": [2, 15, 7]},
			"faces": {
				"north": {"uv": [8, 4.5, 7.5, 5], "texture": "#1"},
				"east": {"uv": [4.5, 3, 3, 3.5], "texture": "#1"},
				"south": {"uv": [5.5, 7.5, 5, 8], "texture": "#1"},
				"west": {"uv": [4.5, 2.5, 3, 3], "texture": "#1"},
				"up": {"uv": [2, 5, 2.5, 3.5], "texture": "#1"},
				"down": {"uv": [3, 3.5, 3.5, 5], "texture": "#1"}
			}
		},
		{
			"from": [-8, 8, 6],
			"to": [-6, 10, 10],
			"rotation": {"angle": 0, "axis": "y", "origin": [-6, 8, 7]},
			"faces": {
				"north": {"uv": [8, 5, 7.5, 5.5], "texture": "#1"},
				"east": {"uv": [6.25, 2, 5.25, 2.5], "texture": "#1"},
				"south": {"uv": [8, 5.5, 7.5, 6], "texture": "#1"},
				"west": {"uv": [6.25, 1, 5.25, 1.5], "texture": "#1"},
				"up": {"uv": [3.5, 6.25, 4, 5.25], "texture": "#1"},
				"down": {"uv": [0, 5.5, 0.5, 6.5], "texture": "#1"}
			}
		},
		{
			"from": [2, 13, 6],
			"to": [4, 15, 10],
			"rotation": {"angle": 0, "axis": "y", "origin": [4, 13, 7]},
			"faces": {
				"north": {"uv": [6.5, 7.5, 6, 8], "texture": "#1"},
				"east": {"uv": [6.5, 0.5, 5.5, 1], "texture": "#1"},
				"south": {"uv": [8, 6, 7.5, 6.5], "texture": "#1"},
				"west": {"uv": [6.25, 4, 5.25, 4.5], "texture": "#1"},
				"up": {"uv": [0.5, 6.5, 1, 5.5], "texture": "#1"},
				"down": {"uv": [5.5, 2.5, 6, 3.5], "texture": "#1"}
			}
		},
		{
			"from": [4, 13, 7],
			"to": [6, 15, 9],
			"rotation": {"angle": 0, "axis": "y", "origin": [6, 13, 7]},
			"faces": {
				"north": {"uv": [8, 6.5, 7.5, 7], "texture": "#1"},
				"east": {"uv": [8, 7.5, 7.5, 8], "texture": "#1"},
				"south": {"uv": [8, 7, 7.5, 7.5], "texture": "#1"},
				"west": {"uv": [7.5, 7.5, 7, 8], "texture": "#1"},
				"up": {"uv": [7.75, 0.5, 8.25, 0], "texture": "#1"},
				"down": {"uv": [0.5, 7.75, 1, 8.25], "texture": "#1"}
			}
		},
		{
			"from": [6, 13, 5],
			"to": [7, 15, 11],
			"rotation": {"angle": 0, "axis": "y", "origin": [8, 13, 7]},
			"faces": {
				"north": {"uv": [8.25, 0.5, 7.75, 1], "texture": "#1"},
				"east": {"uv": [5, 3.5, 3.5, 4], "texture": "#1"},
				"south": {"uv": [1.5, 7.75, 1, 8.25], "texture": "#1"},
				"west": {"uv": [5, 1.5, 3.5, 2], "texture": "#1"},
				"up": {"uv": [0, 5.5, 0.5, 4], "texture": "#1"},
				"down": {"uv": [0.5, 4, 1, 5.5], "texture": "#1"}
			}
		},
		{
			"from": [-6, 9, 6],
			"to": [-4, 11, 10],
			"rotation": {"angle": 0, "axis": "y", "origin": [-4, 9, 7]},
			"faces": {
				"north": {"uv": [2, 7.75, 1.5, 8.25], "texture": "#1"},
				"east": {"uv": [6.5, 5, 5.5, 5.5], "texture": "#1"},
				"south": {"uv": [2.5, 7.75, 2, 8.25], "texture": "#1"},
				"west": {"uv": [5, 5.5, 4, 6], "texture": "#1"},
				"up": {"uv": [5.5, 6.5, 6, 5.5], "texture": "#1"},
				"down": {"uv": [1, 5.75, 1.5, 6.75], "texture": "#1"}
			}
		},
		{
			"from": [-4, 11, 6],
			"to": [-2, 13, 10],
			"rotation": {"angle": 0, "axis": "y", "origin": [-2, 11, 7]},
			"faces": {
				"north": {"uv": [8.25, 2.5, 7.75, 3], "texture": "#1"},
				"east": {"uv": [2.5, 6, 1.5, 6.5], "texture": "#1"},
				"south": {"uv": [6, 7.75, 5.5, 8.25], "texture": "#1"},
				"west": {"uv": [6.75, 0, 5.75, 0.5], "texture": "#1"},
				"up": {"uv": [6, 3.5, 6.5, 2.5], "texture": "#1"},
				"down": {"uv": [3, 6, 3.5, 7], "texture": "#1"}
			}
		},
		{
			"from": [-2, 12, 6],
			"to": [0, 14, 10],
			"rotation": {"angle": 0, "axis": "y", "origin": [0, 12, 7]},
			"faces": {
				"north": {"uv": [7, 7.75, 6.5, 8.25], "texture": "#1"},
				"east": {"uv": [7, 3.5, 6, 4], "texture": "#1"},
				"south": {"uv": [0.5, 8, 0, 8.5], "texture": "#1"},
				"west": {"uv": [7, 1.5, 6, 2], "texture": "#1"},
				"up": {"uv": [4, 7, 4.5, 6], "texture": "#1"},
				"down": {"uv": [4.5, 6, 5, 7], "texture": "#1"}
			}
		},
		{
			"from": [0, 13, 6],
			"to": [2, 15, 10],
			"rotation": {"angle": 0, "axis": "y", "origin": [2, 13, 7]},
			"faces": {
				"north": {"uv": [8.5, 1, 8, 1.5], "texture": "#1"},
				"east": {"uv": [7, 5.5, 6, 6], "texture": "#1"},
				"south": {"uv": [8.5, 1.5, 8, 2], "texture": "#1"},
				"west": {"uv": [7, 4.5, 6, 5], "texture": "#1"},
				"up": {"uv": [5, 7, 5.5, 6], "texture": "#1"},
				"down": {"uv": [6, 6, 6.5, 7], "texture": "#1"}
			}
		},
		{
			"from": [0, 17, 7],
			"to": [2, 19, 9],
			"rotation": {"angle": 0, "axis": "y", "origin": [2, 17, 7]},
			"faces": {
				"north": {"uv": [8.5, 2, 8, 2.5], "texture": "#1"},
				"east": {"uv": [8.5, 3, 8, 3.5], "texture": "#1"},
				"south": {"uv": [3.5, 8, 3, 8.5], "texture": "#1"},
				"west": {"uv": [3, 8, 2.5, 8.5], "texture": "#1"},
				"up": {"uv": [3.5, 8.5, 4, 8], "texture": "#1"},
				"down": {"uv": [8, 3.5, 8.5, 4], "texture": "#1"}
			}
		},
		{
			"from": [-8, 14, 7],
			"to": [-6, 26, 9],
			"rotation": {"angle": 0, "axis": "y", "origin": [-6, 26, 7]},
			"faces": {
				"north": {"uv": [7, 3.5, 6.5, 3], "texture": "#1"},
				"east": {"uv": [7, 2.5, 6.25, 2], "texture": "#1"},
				"south": {"uv": [7, 5.5, 6.5, 5], "texture": "#1"},
				"west": {"uv": [7, 1.5, 6.25, 1], "texture": "#1"},
				"up": {"uv": [3.5, 7, 4, 6.25], "texture": "#1"},
				"down": {"uv": [2.5, 6.25, 3, 7], "texture": "#1"}
			}
		},
		{
			"from": [2, 19, 7],
			"to": [4, 21, 9],
			"rotation": {"angle": 0, "axis": "y", "origin": [4, 21, 7]},
			"faces": {
				"north": {"uv": [7.25, 0.5, 6.75, 0], "texture": "#1"},
				"east": {"uv": [0.5, 7.5, 0, 7], "texture": "#1"},
				"south": {"uv": [7, 7.25, 6.5, 6.75], "texture": "#1"},
				"west": {"uv": [1.25, 7.25, 0.75, 6.75], "texture": "#1"},
				"up": {"uv": [7, 2, 7.5, 1.5], "texture": "#1"},
				"down": {"uv": [7, 1, 7.5, 1.5], "texture": "#1"}
			}
		},
		{
			"from": [4, 19, 7],
			"to": [6, 21, 9],
			"rotation": {"angle": 0, "axis": "y", "origin": [6, 21, 7]},
			"faces": {
				"north": {"uv": [7.5, 2.5, 7, 2], "texture": "#1"},
				"east": {"uv": [7.5, 3.5, 7, 3], "texture": "#1"},
				"south": {"uv": [3.5, 7.5, 3, 7], "texture": "#1"},
				"west": {"uv": [3, 7.5, 2.5, 7], "texture": "#1"},
				"up": {"uv": [7, 4, 7.5, 3.5], "texture": "#1"},
				"down": {"uv": [3.5, 7, 4, 7.5], "texture": "#1"}
			}
		},
		{
			"from": [6, 19, 6],
			"to": [8, 21, 10],
			"rotation": {"angle": 0, "axis": "y", "origin": [8, 21, 7]},
			"faces": {
				"north": {"uv": [4.5, 7.5, 4, 7], "texture": "#1"},
				"east": {"uv": [5.5, 3, 4.5, 2.5], "texture": "#1"},
				"south": {"uv": [7.5, 4.5, 7, 4], "texture": "#1"},
				"west": {"uv": [5.5, 1, 4.5, 0.5], "texture": "#1"},
				"up": {"uv": [4.5, 5.5, 5, 4.5], "texture": "#1"},
				"down": {"uv": [4, 4.5, 4.5, 5.5], "texture": "#1"}
			}
		},
		{
			"from": [-6, 15, 6.5],
			"to": [-4, 25, 9.5],
			"rotation": {"angle": 0, "axis": "y", "origin": [-4, 25, 7.5]},
			"faces": {
				"north": {"uv": [5, 7.5, 4.5, 7], "texture": "#1"},
				"east": {"uv": [0.75, 7, 0, 6.5], "texture": "#1"},
				"south": {"uv": [7.5, 5, 7, 4.5], "texture": "#1"},
				"west": {"uv": [7, 4.5, 6.25, 4], "texture": "#1"},
				"up": {"uv": [2, 7.25, 2.5, 6.5], "texture": "#1"},
				"down": {"uv": [1.5, 6.5, 2, 7.25], "texture": "#1"}
			}
		},
		{
			"from": [-4, 17, 6],
			"to": [-2, 23, 10],
			"rotation": {"angle": 0, "axis": "y", "origin": [-2, 23, 7]},
			"faces": {
				"north": {"uv": [5.5, 7.5, 5, 7], "texture": "#1"},
				"east": {"uv": [6, 2, 5, 1.5], "texture": "#1"},
				"south": {"uv": [7.5, 5.5, 7, 5], "texture": "#1"},
				"west": {"uv": [5.5, 3.5, 4.5, 3], "texture": "#1"},
				"up": {"uv": [3, 6, 3.5, 5], "texture": "#1"},
				"down": {"uv": [2, 5, 2.5, 6], "texture": "#1"}
			}
		},
		{
			"from": [-2, 18, 6],
			"to": [0, 22, 10],
			"rotation": {"angle": 0, "axis": "y", "origin": [0, 22, 7]},
			"faces": {
				"north": {"uv": [7.5, 6, 7, 5.5], "texture": "#1"},
				"east": {"uv": [6, 5, 5, 4.5], "texture": "#1"},
				"south": {"uv": [6.5, 7.5, 6, 7], "texture": "#1"},
				"west": {"uv": [6, 4, 5, 3.5], "texture": "#1"},
				"up": {"uv": [2.5, 6.25, 3, 5.25], "texture": "#1"},
				"down": {"uv": [5, 5, 5.5, 6], "texture": "#1"}
			}
		},
		{
			"from": [-8, 26, 7],
			"to": [-6, 28, 9],
			"rotation": {"angle": 0, "axis": "y", "origin": [-6, 28, 7]},
			"faces": {
				"north": {"uv": [7.5, 6.5, 7, 6], "texture": "#1"},
				"east": {"uv": [5.25, 2.5, 4, 2], "texture": "#1"},
				"south": {"uv": [7.5, 7, 7, 6.5], "texture": "#1"},
				"west": {"uv": [5.25, 1.5, 4, 1], "texture": "#1"},
				"up": {"uv": [3.5, 5.25, 4, 4], "texture": "#1"},
				"down": {"uv": [2.5, 4, 3, 5.25], "texture": "#1"}
			}
		},
		{
			"from": [-10, 26, 7.5],
			"to": [-8, 28, 8.5],
			"rotation": {"angle": 0, "axis": "y", "origin": [-8, 28, 7.5]},
			"faces": {
				"north": {"uv": [7.5, 7.5, 7, 7], "texture": "#1"},
				"east": {"uv": [7.25, 3, 6.5, 2.5], "texture": "#1"},
				"south": {"uv": [7.75, 0.5, 7.25, 0], "texture": "#1"},
				"west": {"uv": [7.25, 1, 6.5, 0.5], "texture": "#1"},
				"up": {"uv": [6.5, 6.75, 7, 6], "texture": "#1"},
				"down": {"uv": [5.5, 6.5, 6, 7.25], "texture": "#1"}
			}
		},
		{
			"from": [-10, 24, 7.5],
			"to": [-8, 26, 8.5],
			"rotation": {"angle": 0, "axis": "y", "origin": [-8, 26, 7.5]},
			"faces": {
				"north": {"uv": [7.5, 7.5, 7, 7], "texture": "#1"},
				"east": {"uv": [7.25, 3, 6.5, 2.5], "texture": "#1"},
				"south": {"uv": [7.75, 0.5, 7.25, 0], "texture": "#1"},
				"west": {"uv": [7.25, 1, 6.5, 0.5], "texture": "#1"},
				"up": {"uv": [6.5, 6.75, 7, 6], "texture": "#1"},
				"down": {"uv": [5.5, 6.5, 6, 7.25], "texture": "#1"}
			}
		},
		{
			"from": [-10, 22, 7.5],
			"to": [-8, 24, 8.5],
			"rotation": {"angle": 0, "axis": "y", "origin": [-8, 24, 7.5]},
			"faces": {
				"north": {"uv": [7.5, 7.5, 7, 7], "texture": "#1"},
				"east": {"uv": [7.25, 3, 6.5, 2.5], "texture": "#1"},
				"south": {"uv": [7.75, 0.5, 7.25, 0], "texture": "#1"},
				"west": {"uv": [7.25, 1, 6.5, 0.5], "texture": "#1"},
				"up": {"uv": [6.5, 6.75, 7, 6], "texture": "#1"},
				"down": {"uv": [5.5, 6.5, 6, 7.25], "texture": "#1"}
			}
		},
		{
			"from": [-10, 20, 7.5],
			"to": [-8, 22, 8.5],
			"rotation": {"angle": 0, "axis": "y", "origin": [-8, 22, 7.5]},
			"faces": {
				"north": {"uv": [7.5, 7.5, 7, 7], "texture": "#1"},
				"east": {"uv": [7.25, 3, 6.5, 2.5], "texture": "#1"},
				"south": {"uv": [7.75, 0.5, 7.25, 0], "texture": "#1"},
				"west": {"uv": [7.25, 1, 6.5, 0.5], "texture": "#1"},
				"up": {"uv": [6.5, 6.75, 7, 6], "texture": "#1"},
				"down": {"uv": [5.5, 6.5, 6, 7.25], "texture": "#1"}
			}
		},
		{
			"from": [-10, 18, 7.5],
			"to": [-8, 20, 8.5],
			"rotation": {"angle": 0, "axis": "y", "origin": [-8, 20, 7.5]},
			"faces": {
				"north": {"uv": [7.5, 7.5, 7, 7], "texture": "#1"},
				"east": {"uv": [7.25, 3, 6.5, 2.5], "texture": "#1"},
				"south": {"uv": [7.75, 0.5, 7.25, 0], "texture": "#1"},
				"west": {"uv": [7.25, 1, 6.5, 0.5], "texture": "#1"},
				"up": {"uv": [6.5, 6.75, 7, 6], "texture": "#1"},
				"down": {"uv": [5.5, 6.5, 6, 7.25], "texture": "#1"}
			}
		},
		{
			"from": [-10, 16, 7.5],
			"to": [-8, 18, 8.5],
			"rotation": {"angle": 0, "axis": "y", "origin": [-8, 18, 7.5]},
			"faces": {
				"north": {"uv": [7.5, 7.5, 7, 7], "texture": "#1"},
				"east": {"uv": [7.25, 3, 6.5, 2.5], "texture": "#1"},
				"south": {"uv": [7.75, 0.5, 7.25, 0], "texture": "#1"},
				"west": {"uv": [7.25, 1, 6.5, 0.5], "texture": "#1"},
				"up": {"uv": [6.5, 6.75, 7, 6], "texture": "#1"},
				"down": {"uv": [5.5, 6.5, 6, 7.25], "texture": "#1"}
			}
		},
		{
			"from": [-10, 14, 7.5],
			"to": [-8, 16, 8.5],
			"rotation": {"angle": 0, "axis": "y", "origin": [-8, 16, 7.5]},
			"faces": {
				"north": {"uv": [7.5, 7.5, 7, 7], "texture": "#1"},
				"east": {"uv": [7.25, 3, 6.5, 2.5], "texture": "#1"},
				"south": {"uv": [7.75, 0.5, 7.25, 0], "texture": "#1"},
				"west": {"uv": [7.25, 1, 6.5, 0.5], "texture": "#1"},
				"up": {"uv": [6.5, 6.75, 7, 6], "texture": "#1"},
				"down": {"uv": [5.5, 6.5, 6, 7.25], "texture": "#1"}
			}
		},
		{
			"from": [-10, 12, 7.5],
			"to": [-8, 14, 8.5],
			"rotation": {"angle": 0, "axis": "y", "origin": [-8, 14, 7.5]},
			"faces": {
				"north": {"uv": [7.5, 7.5, 7, 7], "texture": "#1"},
				"east": {"uv": [7.25, 3, 6.5, 2.5], "texture": "#1"},
				"south": {"uv": [7.75, 0.5, 7.25, 0], "texture": "#1"},
				"west": {"uv": [7.25, 1, 6.5, 0.5], "texture": "#1"},
				"up": {"uv": [6.5, 6.75, 7, 6], "texture": "#1"},
				"down": {"uv": [5.5, 6.5, 6, 7.25], "texture": "#1"}
			}
		},
		{
			"from": [-10, 28, 7],
			"to": [-8, 30, 9],
			"rotation": {"angle": 0, "axis": "y", "origin": [-8, 30, 7]},
			"faces": {
				"north": {"uv": [1, 7.75, 0.5, 7.25], "texture": "#1"},
				"east": {"uv": [2, 7.75, 1.5, 7.25], "texture": "#1"},
				"south": {"uv": [1.5, 7.75, 1, 7.25], "texture": "#1"},
				"west": {"uv": [7.75, 1, 7.25, 0.5], "texture": "#1"},
				"up": {"uv": [7.25, 3, 7.75, 2.5], "texture": "#1"},
				"down": {"uv": [2, 7.25, 2.5, 7.75], "texture": "#1"}
			}
		},
		{
			"from": [-10, 30, 7.5],
			"to": [-8, 32, 8.5],
			"rotation": {"angle": 0, "axis": "y", "origin": [-8, 32, 7.5]},
			"faces": {
				"north": {"uv": [6, 7.75, 5.5, 7.25], "texture": "#1"},
				"east": {"uv": [4.25, 8.5, 4, 8], "texture": "#1"},
				"south": {"uv": [7, 7.75, 6.5, 7.25], "texture": "#1"},
				"west": {"uv": [1.5, 7.25, 1.25, 6.75], "texture": "#1"},
				"up": {"uv": [8, 4.25, 8.5, 4], "texture": "#1"},
				"down": {"uv": [1.5, 5.75, 2, 6], "texture": "#1"}
			}
		},
		{
			"from": [2, 21, 5],
			"to": [4, 23, 11],
			"rotation": {"angle": 0, "axis": "y", "origin": [4, 23, 7]},
			"faces": {
				"north": {"uv": [0.5, 8, 0, 7.5], "texture": "#1"},
				"east": {"uv": [1.5, 1, 0, 0.5], "texture": "#1"},
				"south": {"uv": [8, 1.5, 7.5, 1], "texture": "#1"},
				"west": {"uv": [1.5, 0.5, 0, 0], "texture": "#1"},
				"up": {"uv": [0.5, 2.5, 1, 1], "texture": "#1"},
				"down": {"uv": [0, 1, 0.5, 2.5], "texture": "#1"}
			}
		},
		{
			"from": [4, 21, 5],
			"to": [6, 23, 11],
			"rotation": {"angle": 0, "axis": "y", "origin": [6, 23, 7]},
			"faces": {
				"north": {"uv": [8, 2, 7.5, 1.5], "texture": "#1"},
				"east": {"uv": [3, 0.5, 1.5, 0], "texture": "#1"},
				"south": {"uv": [8, 2.5, 7.5, 2], "texture": "#1"},
				"west": {"uv": [2.5, 1.5, 1, 1], "texture": "#1"},
				"up": {"uv": [1.5, 3, 2, 1.5], "texture": "#1"},
				"down": {"uv": [1, 1.5, 1.5, 3], "texture": "#1"}
			}
		},
		{
			"from": [6, 21, 5],
			"to": [8, 23, 11],
			"rotation": {"angle": 0, "axis": "y", "origin": [8, 23, 7]},
			"faces": {
				"north": {"uv": [3, 8, 2.5, 7.5], "texture": "#1"},
				"east": {"uv": [3.5, 2, 2, 1.5], "texture": "#1"},
				"south": {"uv": [3.5, 8, 3, 7.5], "texture": "#1"},
				"west": {"uv": [3, 1, 1.5, 0.5], "texture": "#1"},
				"up": {"uv": [0, 4, 0.5, 2.5], "texture": "#1"},
				"down": {"uv": [2, 2, 2.5, 3.5], "texture": "#1"}
			}
		},
		{
			"from": [-6, 25, 5.5],
			"to": [-4, 27, 10.5],
			"rotation": {"angle": 0, "axis": "y", "origin": [-4, 27, 7.5]},
			"faces": {
				"north": {"uv": [8, 3.5, 7.5, 3], "texture": "#1"},
				"east": {"uv": [5.75, 0.5, 4.5, 0], "texture": "#1"},
				"south": {"uv": [4, 8, 3.5, 7.5], "texture": "#1"},
				"west": {"uv": [5.25, 4.5, 4, 4], "texture": "#1"},
				"up": {"uv": [1.5, 5.75, 2, 4.5], "texture": "#1"},
				"down": {"uv": [1, 4.5, 1.5, 5.75], "texture": "#1"}
			}
		},
		{
			"from": [-4, 23, 5],
			"to": [-2, 25, 11],
			"rotation": {"angle": 0, "axis": "y", "origin": [-2, 25, 7]},
			"faces": {
				"north": {"uv": [8, 4, 7.5, 3.5], "texture": "#1"},
				"east": {"uv": [4, 2.5, 2.5, 2], "texture": "#1"},
				"south": {"uv": [4.5, 8, 4, 7.5], "texture": "#1"},
				"west": {"uv": [4, 1.5, 2.5, 1], "texture": "#1"},
				"up": {"uv": [2.5, 4, 3, 2.5], "texture": "#1"},
				"down": {"uv": [0.5, 2.5, 1, 4], "texture": "#1"}
			}
		},
		{
			"from": [-2, 22, 5],
			"to": [0, 24, 11],
			"rotation": {"angle": 0, "axis": "y", "origin": [0, 24, 7]},
			"faces": {
				"north": {"uv": [8, 4.5, 7.5, 4], "texture": "#1"},
				"east": {"uv": [4.5, 1, 3, 0.5], "texture": "#1"},
				"south": {"uv": [5, 8, 4.5, 7.5], "texture": "#1"},
				"west": {"uv": [4.5, 0.5, 3, 0], "texture": "#1"},
				"up": {"uv": [1.5, 4.5, 2, 3], "texture": "#1"},
				"down": {"uv": [1, 3, 1.5, 4.5], "texture": "#1"}
			}
		},
		{
			"from": [0, 21, 5],
			"to": [2, 23, 11],
			"rotation": {"angle": 0, "axis": "y", "origin": [2, 23, 7]},
			"faces": {
				"north": {"uv": [8, 5, 7.5, 4.5], "texture": "#1"},
				"east": {"uv": [4.5, 3.5, 3, 3], "texture": "#1"},
				"south": {"uv": [5.5, 8, 5, 7.5], "texture": "#1"},
				"west": {"uv": [4.5, 3, 3, 2.5], "texture": "#1"},
				"up": {"uv": [3, 5, 3.5, 3.5], "texture": "#1"},
				"down": {"uv": [2, 3.5, 2.5, 5], "texture": "#1"}
			}
		},
		{
			"from": [-8, 28, 6],
			"to": [-6, 30, 10],
			"rotation": {"angle": 0, "axis": "y", "origin": [-6, 30, 7]},
			"faces": {
				"north": {"uv": [8, 5.5, 7.5, 5], "texture": "#1"},
				"east": {"uv": [6.25, 2.5, 5.25, 2], "texture": "#1"},
				"south": {"uv": [8, 6, 7.5, 5.5], "texture": "#1"},
				"west": {"uv": [6.25, 1.5, 5.25, 1], "texture": "#1"},
				"up": {"uv": [0, 6.5, 0.5, 5.5], "texture": "#1"},
				"down": {"uv": [3.5, 5.25, 4, 6.25], "texture": "#1"}
			}
		},
		{
			"from": [2, 23, 6],
			"to": [4, 25, 10],
			"rotation": {"angle": 0, "axis": "y", "origin": [4, 25, 7]},
			"faces": {
				"north": {"uv": [6.5, 8, 6, 7.5], "texture": "#1"},
				"east": {"uv": [6.5, 1, 5.5, 0.5], "texture": "#1"},
				"south": {"uv": [8, 6.5, 7.5, 6], "texture": "#1"},
				"west": {"uv": [6.25, 4.5, 5.25, 4], "texture": "#1"},
				"up": {"uv": [5.5, 3.5, 6, 2.5], "texture": "#1"},
				"down": {"uv": [0.5, 5.5, 1, 6.5], "texture": "#1"}
			}
		},
		{
			"from": [4, 23, 7],
			"to": [6, 25, 9],
			"rotation": {"angle": 0, "axis": "y", "origin": [6, 25, 7]},
			"faces": {
				"north": {"uv": [8, 7, 7.5, 6.5], "texture": "#1"},
				"east": {"uv": [8, 8, 7.5, 7.5], "texture": "#1"},
				"south": {"uv": [8, 7.5, 7.5, 7], "texture": "#1"},
				"west": {"uv": [7.5, 8, 7, 7.5], "texture": "#1"},
				"up": {"uv": [0.5, 8.25, 1, 7.75], "texture": "#1"},
				"down": {"uv": [7.75, 0, 8.25, 0.5], "texture": "#1"}
			}
		},
		{
			"from": [6, 23, 5],
			"to": [8, 25, 11],
			"rotation": {"angle": 0, "axis": "y", "origin": [8, 25, 7]},
			"faces": {
				"north": {"uv": [8.25, 1, 7.75, 0.5], "texture": "#1"},
				"east": {"uv": [5, 4, 3.5, 3.5], "texture": "#1"},
				"south": {"uv": [1.5, 8.25, 1, 7.75], "texture": "#1"},
				"west": {"uv": [5, 2, 3.5, 1.5], "texture": "#1"},
				"up": {"uv": [0.5, 5.5, 1, 4], "texture": "#1"},
				"down": {"uv": [0, 4, 0.5, 5.5], "texture": "#1"}
			}
		},
		{
			"from": [-6, 27, 6],
			"to": [-4, 29, 10],
			"rotation": {"angle": 0, "axis": "y", "origin": [-4, 29, 7]},
			"faces": {
				"north": {"uv": [2, 8.25, 1.5, 7.75], "texture": "#1"},
				"east": {"uv": [6.5, 5.5, 5.5, 5], "texture": "#1"},
				"south": {"uv": [2.5, 8.25, 2, 7.75], "texture": "#1"},
				"west": {"uv": [5, 6, 4, 5.5], "texture": "#1"},
				"up": {"uv": [1, 6.75, 1.5, 5.75], "texture": "#1"},
				"down": {"uv": [5.5, 5.5, 6, 6.5], "texture": "#1"}
			}
		},
		{
			"from": [-4, 25, 6],
			"to": [-2, 27, 10],
			"rotation": {"angle": 0, "axis": "y", "origin": [-2, 27, 7]},
			"faces": {
				"north": {"uv": [8.25, 3, 7.75, 2.5], "texture": "#1"},
				"east": {"uv": [2.5, 6.5, 1.5, 6], "texture": "#1"},
				"south": {"uv": [6, 8.25, 5.5, 7.75], "texture": "#1"},
				"west": {"uv": [6.75, 0.5, 5.75, 0], "texture": "#1"},
				"up": {"uv": [3, 7, 3.5, 6], "texture": "#1"},
				"down": {"uv": [6, 2.5, 6.5, 3.5], "texture": "#1"}
			}
		},
		{
			"from": [-2, 24, 6],
			"to": [0, 26, 10],
			"rotation": {"angle": 0, "axis": "y", "origin": [0, 26, 7]},
			"faces": {
				"north": {"uv": [7, 8.25, 6.5, 7.75], "texture": "#1"},
				"east": {"uv": [7, 4, 6, 3.5], "texture": "#1"},
				"south": {"uv": [0.5, 8.5, 0, 8], "texture": "#1"},
				"west": {"uv": [7, 2, 6, 1.5], "texture": "#1"},
				"up": {"uv": [4.5, 7, 5, 6], "texture": "#1"},
				"down": {"uv": [4, 6, 4.5, 7], "texture": "#1"}
			}
		},
		{
			"from": [0, 23, 6],
			"to": [2, 25, 10],
			"rotation": {"angle": 0, "axis": "y", "origin": [2, 25, 7]},
			"faces": {
				"north": {"uv": [8.5, 1.5, 8, 1], "texture": "#1"},
				"east": {"uv": [7, 6, 6, 5.5], "texture": "#1"},
				"south": {"uv": [8.5, 2, 8, 1.5], "texture": "#1"},
				"west": {"uv": [7, 5, 6, 4.5], "texture": "#1"},
				"up": {"uv": [6, 7, 6.5, 6], "texture": "#1"},
				"down": {"uv": [5, 6, 5.5, 7], "texture": "#1"}
			}
		},
		{
			"from": [0, 19, 7],
			"to": [2, 21, 9],
			"rotation": {"angle": 0, "axis": "y", "origin": [2, 21, 7]},
			"faces": {
				"north": {"uv": [8.5, 2.5, 8, 2], "texture": "#1"},
				"east": {"uv": [8.5, 3.5, 8, 3], "texture": "#1"},
				"south": {"uv": [3.5, 8.5, 3, 8], "texture": "#1"},
				"west": {"uv": [3, 8.5, 2.5, 8], "texture": "#1"},
				"up": {"uv": [8, 4, 8.5, 3.5], "texture": "#1"},
				"down": {"uv": [3.5, 8, 4, 8.5], "texture": "#1"}
			}
		}
	],
	"display": {
		"thirdperson_righthand": {
			"rotation": [16, 90, -15],
			"translation": [0, 5.5, 0.75],
			"scale": [0.5, 0.5, 0.5]
		},
		"thirdperson_lefthand": {
			"rotation": [16, 90, -15],
			"translation": [0, 5.5, 0.75],
			"scale": [0.5, 0.5, 0.5]
		},
		"firstperson_righthand": {
			"rotation": [16, 90, -55],
			"translation": [-0.25, 1.25, 2.5],
			"scale": [0.5, 0.5, 0.5]
		},
		"firstperson_lefthand": {
			"rotation": [16, 90, -55],
			"translation": [-0.25, 1.25, 2.5],
			"scale": [0.5, 0.5, 0.5]
		},
		"ground": {
			"rotation": [-90, 0, 0],
			"translation": [0, 1.0, 0],
			"scale": [0.25, 0.25, 0.25]
		},
		"gui": {
			"scale": [0.3, 0.3, 0.3]
		},
		"head": {
			"rotation": [180, 0, 0],
			"translation": [0, 15, 0],
			"scale": [0.5, 0.5, 0.5]
		},
		"fixed": {
			"scale": [0.3, 0.3, 0.3]
		}
	},
	"groups": [
		{
			"name": "griff",
			"origin": [8, 8, 8],
			"color": 0,
			"children": [0, 1, 2, 3, 4]
		},
		{
			"name": "head",
			"origin": [8, 8, 8],
			"color": 0,
			"children": [
				5,
				6,
				7,
				8,
				9,
				10,
				11,
				12,
				13,
				14,
				15,
				16,
				17,
				18,
				19,
				20,
				21,
				22,
				23,
				24,
				25,
				26,
				27,
				28,
				29,
				30,
				31,
				{
					"name": "head",
					"origin": [8, 8, 8],
					"color": 0,
					"children": [32, 33, 34, 35, 36, 37, 38, 39, 40, 41, 42, 43, 44, 45, 46, 47, 48, 49, 50, 51, 52, 53, 54, 55, 56, 57, 58, 59, 60, 61, 62, 63, 64, 65]
				},
				{
					"name": "head",
					"origin": [8, 8, 8],
					"color": 0,
					"children": [
						66,
						67,
						68,
						69,
						70,
						71,
						72,
						73,
						74,
						75,
						76,
						77,
						78,
						79,
						80,
						81,
						82,
						83,
						84,
						85,
						86,
						87,
						88,
						89,
						90,
						91,
						92,
						{
							"name": "head",
							"origin": [8, 8, 8],
							"color": 0,
							"children": [93, 94, 95, 96, 97, 98, 99, 100, 101, 102, 103, 104, 105, 106, 107, 108, 109, 110, 111, 112, 113, 114, 115, 116, 117, 118, 119, 120, 121, 122, 123, 124, 125, 126]
						}
					]
				}
			]
		}
	]
}