{
	"credit": "Made with Blockbench",
	"textures": {
		"0": "item/custom/iron",
		"1": "item/custom/red",
		"2": "item/custom/blue",
		"particle": "item/custom/iron"
	},
	"elements": [
		{
			"from": [6, 0, 7],
			"to": [10, 2, 9],
			"rotation": {"angle": 0, "axis": "y", "origin": [7, 0, 7]},
			"faces": {
				"north": {"uv": [4, 0, 6, 1], "texture": "#0"},
				"east": {"uv": [0, 7, 1, 8], "texture": "#0"},
				"south": {"uv": [4, 1, 6, 2], "texture": "#0"},
				"west": {"uv": [1, 7, 2, 8], "texture": "#0"},
				"up": {"uv": [6, 3, 4, 2], "texture": "#0"},
				"down": {"uv": [6, 3, 4, 4], "texture": "#0"}
			}
		},
		{
			"from": [9, 2, 7],
			"to": [12, 4, 9],
			"rotation": {"angle": 0, "axis": "y", "origin": [5, 2, 7]},
			"faces": {
				"north": {"uv": [4, 4, 5.5, 5], "texture": "#0"},
				"east": {"uv": [2, 7, 3, 8], "texture": "#0"},
				"south": {"uv": [0, 5, 1.5, 6], "texture": "#0"},
				"west": {"uv": [3, 7, 4, 8], "texture": "#0"},
				"up": {"uv": [3, 6, 1.5, 5], "texture": "#0"},
				"down": {"uv": [4.5, 5, 3, 6], "texture": "#0"}
			}
		},
		{
			"from": [4, 2, 7],
			"to": [7, 4, 9],
			"rotation": {"angle": 0, "axis": "y", "origin": [0, 2, 7]},
			"faces": {
				"north": {"uv": [4.5, 5, 6, 6], "texture": "#0"},
				"east": {"uv": [4, 7, 5, 8], "texture": "#0"},
				"south": {"uv": [5.5, 4, 7, 5], "texture": "#0"},
				"west": {"uv": [7, 4, 8, 5], "texture": "#0"},
				"up": {"uv": [1.5, 7, 0, 6], "texture": "#0"},
				"down": {"uv": [7.5, 0, 6, 1], "texture": "#0"}
			}
		},
		{
			"from": [2, 4, 7],
			"to": [5, 6, 9],
			"rotation": {"angle": 0, "axis": "y", "origin": [2, 4, 7]},
			"faces": {
				"north": {"uv": [6, 1, 7.5, 2], "texture": "#0"},
				"east": {"uv": [5, 7, 6, 8], "texture": "#0"},
				"south": {"uv": [1.5, 6, 3, 7], "texture": "#0"},
				"west": {"uv": [6, 7, 7, 8], "texture": "#0"},
				"up": {"uv": [7.5, 3, 6, 2], "texture": "#0"},
				"down": {"uv": [4.5, 6, 3, 7], "texture": "#0"}
			}
		},
		{
			"from": [2, 6, 7],
			"to": [4, 11, 9],
			"rotation": {"angle": 0, "axis": "y", "origin": [0, 6, 7]},
			"faces": {
				"north": {"uv": [0, 0, 1, 2.5], "texture": "#0"},
				"east": {"uv": [1, 0, 2, 2.5], "texture": "#0"},
				"south": {"uv": [2, 0, 3, 2.5], "texture": "#0"},
				"west": {"uv": [0, 2.5, 1, 5], "texture": "#0"},
				"up": {"uv": [8, 8, 7, 7], "texture": "#0"},
				"down": {"uv": [8.5, 0, 7.5, 1], "texture": "#0"}
			}
		},
		{
			"from": [2, 11, 7],
			"to": [4, 13, 9],
			"rotation": {"angle": 0, "axis": "y", "origin": [0, 6, 7]},
			"faces": {
				"north": {"uv": [0, 0, 2, 2], "texture": "#2"},
				"east": {"uv": [0, 2, 2, 4], "texture": "#2"},
				"south": {"uv": [2, 0, 4, 2], "texture": "#2"},
				"west": {"uv": [2, 2, 4, 4], "texture": "#2"},
				"up": {"uv": [2, 6, 0, 4], "texture": "#2"},
				"down": {"uv": [6, 0, 4, 2], "texture": "#2"}
			}
		},
		{
			"from": [12, 11, 7],
			"to": [14, 13, 9],
			"rotation": {"angle": 0, "axis": "y", "origin": [10, 6, 7]},
			"faces": {
				"north": {"uv": [0, 0, 2, 2], "texture": "#1"},
				"east": {"uv": [0, 2, 2, 4], "texture": "#1"},
				"south": {"uv": [2, 0, 4, 2], "texture": "#1"},
				"west": {"uv": [2, 2, 4, 4], "texture": "#1"},
				"up": {"uv": [2, 6, 0, 4], "texture": "#1"},
				"down": {"uv": [6, 0, 4, 2], "texture": "#1"}
			}
		},
		{
			"from": [12, 3, 7],
			"to": [13, 4, 9],
			"rotation": {"angle": 0, "axis": "y", "origin": [10, -3, 7]},
			"faces": {
				"north": {"uv": [7.5, 8, 8, 8.5], "texture": "#0"},
				"east": {"uv": [7.5, 6, 8.5, 6.5], "texture": "#0"},
				"south": {"uv": [8, 8, 8.5, 8.5], "texture": "#0"},
				"west": {"uv": [7.5, 6.5, 8.5, 7], "texture": "#0"},
				"up": {"uv": [0.5, 9, 0, 8], "texture": "#0"},
				"down": {"uv": [1, 8, 0.5, 9], "texture": "#0"}
			}
		},
		{
			"from": [10, 1, 7],
			"to": [11, 2, 9],
			"rotation": {"angle": 0, "axis": "y", "origin": [8, -5, 7]},
			"faces": {
				"north": {"uv": [8.5, 0, 9, 0.5], "texture": "#0"},
				"east": {"uv": [1, 8, 2, 8.5], "texture": "#0"},
				"south": {"uv": [8.5, 0.5, 9, 1], "texture": "#0"},
				"west": {"uv": [2, 8, 3, 8.5], "texture": "#0"},
				"up": {"uv": [3.5, 9, 3, 8], "texture": "#0"},
				"down": {"uv": [4, 8, 3.5, 9], "texture": "#0"}
			}
		},
		{
			"from": [3, 3, 7],
			"to": [4, 4, 9],
			"rotation": {"angle": 0, "axis": "y", "origin": [6, -3, 7]},
			"faces": {
				"north": {"uv": [1, 8.5, 1.5, 9], "texture": "#0"},
				"east": {"uv": [4, 8, 5, 8.5], "texture": "#0"},
				"south": {"uv": [8.5, 1, 9, 1.5], "texture": "#0"},
				"west": {"uv": [8, 4, 9, 4.5], "texture": "#0"},
				"up": {"uv": [5.5, 9, 5, 8], "texture": "#0"},
				"down": {"uv": [6, 8, 5.5, 9], "texture": "#0"}
			}
		},
		{
			"from": [5, 1, 7],
			"to": [6, 2, 9],
			"rotation": {"angle": 0, "axis": "y", "origin": [8, -5, 7]},
			"faces": {
				"north": {"uv": [1.5, 8.5, 2, 9], "texture": "#0"},
				"east": {"uv": [8, 4.5, 9, 5], "texture": "#0"},
				"south": {"uv": [8.5, 1.5, 9, 2], "texture": "#0"},
				"west": {"uv": [6, 8, 7, 8.5], "texture": "#0"},
				"up": {"uv": [7.5, 9, 7, 8], "texture": "#0"},
				"down": {"uv": [8.5, 7, 8, 8], "texture": "#0"}
			}
		},
		{
			"from": [11, 4, 7],
			"to": [14, 6, 9],
			"rotation": {"angle": 0, "axis": "y", "origin": [14, 4, 7]},
			"faces": {
				"north": {"uv": [6, 3, 7.5, 4], "texture": "#0"},
				"east": {"uv": [7.5, 1, 8.5, 2], "texture": "#0"},
				"south": {"uv": [4.5, 6, 6, 7], "texture": "#0"},
				"west": {"uv": [7.5, 2, 8.5, 3], "texture": "#0"},
				"up": {"uv": [7.5, 6, 6, 5], "texture": "#0"},
				"down": {"uv": [7.5, 6, 6, 7], "texture": "#0"}
			}
		},
		{
			"from": [12, 6, 7],
			"to": [14, 11, 9],
			"rotation": {"angle": 0, "axis": "y", "origin": [16, 6, 7]},
			"faces": {
				"north": {"uv": [1, 2.5, 2, 5], "texture": "#0"},
				"east": {"uv": [2, 2.5, 3, 5], "texture": "#0"},
				"south": {"uv": [3, 0, 4, 2.5], "texture": "#0"},
				"west": {"uv": [3, 2.5, 4, 5], "texture": "#0"},
				"up": {"uv": [8.5, 4, 7.5, 3], "texture": "#0"},
				"down": {"uv": [8.5, 5, 7.5, 6], "texture": "#0"}
			}
		}
	],
	"display": {
		"thirdperson_righthand": {
			"rotation": [-59, 0, 0],
			"translation": [0, -0.25, -1.25],
			"scale": [0.25, 0.25, 0.25]
		},
		"thirdperson_lefthand": {
			"rotation": [-59, 0, 0],
			"translation": [0, -0.25, -1.25],
			"scale": [0.25, 0.25, 0.25]
		},
		"firstperson_righthand": {
			"rotation": [83.45, 44.37, -170.58],
			"translation": [-2.25, 5, 4.75],
			"scale": [0.25, 0.25, 0.25]
		},
		"firstperson_lefthand": {
			"rotation": [83.45, 44.37, -170.58],
			"translation": [-2.25, 5, 4.75],
			"scale": [0.25, 0.25, 0.25]
		},
		"ground": {
			"scale": [0.25, 0.25, 0.25]
		},
		"gui": {
			"rotation": [-8.99, -22.88, 14.86],
			"scale": [0.5, 0.5, 0.5]
		},
		"head": {
			"translation": [0, 6.75, -6.5],
			"scale": [0.25, 0.25, 0.25]
		},
		"fixed": {
			"scale": [0.5, 0.5, 0.5]
		}
	}
}