{
	"credit": "Made with Blockbench",
	"texture_size": [64, 64],
	"textures": {
		"0": "item/custom/wood",
		"1": "item/custom/head",
		"particle": "item/custom/wood"
	},
	"elements": [
		{
			"from": [7, -10, 10],
			"to": [9, 24, 11],
			"rotation": {"angle": 0, "axis": "y", "origin": [7, 9, 9]},
			"faces": {
				"north": {"uv": [3, 0, 3.25, 4.375], "texture": "#0"},
				"east": {"uv": [3, 4.375, 3.125, 8.75], "texture": "#0"},
				"south": {"uv": [3.25, 0, 3.5, 4.375], "texture": "#0"},
				"west": {"uv": [3.125, 4.375, 3.25, 8.75], "texture": "#0"},
				"up": {"uv": [4.75, 1.125, 4.5, 1], "texture": "#0"},
				"down": {"uv": [4.75, 1.125, 4.5, 1.25], "texture": "#0"}
			}
		},
		{
			"from": [7, -10, 5],
			"to": [9, 24, 6],
			"rotation": {"angle": 0, "axis": "y", "origin": [7, 4, 5]},
			"faces": {
				"north": {"uv": [3.5, 0, 3.75, 4.375], "texture": "#0"},
				"east": {"uv": [3.25, 4.375, 3.375, 8.75], "texture": "#0"},
				"south": {"uv": [3.75, 0, 4, 4.375], "texture": "#0"},
				"west": {"uv": [3.375, 4.375, 3.5, 8.75], "texture": "#0"},
				"up": {"uv": [4.75, 1.375, 4.5, 1.25], "texture": "#0"},
				"down": {"uv": [4.75, 1.375, 4.5, 1.5], "texture": "#0"}
			}
		},
		{
			"from": [6, -12, 6],
			"to": [10, 24, 10],
			"rotation": {"angle": 0, "axis": "y", "origin": [7, 4, 6]},
			"faces": {
				"north": {"uv": [0, 0, 0.5, 5.125], "texture": "#0"},
				"east": {"uv": [0.5, 0, 1, 5.125], "texture": "#0"},
				"south": {"uv": [1, 0, 1.5, 5.125], "texture": "#0"},
				"west": {"uv": [1.5, 0, 2, 5.125], "texture": "#0"},
				"up": {"uv": [4, 4.875, 3.5, 4.375], "texture": "#0"},
				"down": {"uv": [5, 0, 4.5, 0.5], "texture": "#0"}
			}
		},
		{
			"from": [5, -10, 7],
			"to": [6, 24, 9],
			"rotation": {"angle": 0, "axis": "y", "origin": [5, 4, 7]},
			"faces": {
				"north": {"uv": [4, 0, 4.125, 5.125], "texture": "#0"},
				"east": {"uv": [2, 0, 2.25, 5.125], "texture": "#0"},
				"south": {"uv": [4.125, 0, 4.25, 5.125], "texture": "#0"},
				"west": {"uv": [2.25, 0, 2.5, 5.125], "texture": "#0"},
				"up": {"uv": [4.625, 0.75, 4.5, 0.5], "texture": "#0"},
				"down": {"uv": [4.625, 0.75, 4.5, 1], "texture": "#0"}
			}
		},
		{
			"from": [10, -10, 7],
			"to": [11, 24, 9],
			"rotation": {"angle": 0, "axis": "y", "origin": [9, 4, 7]},
			"faces": {
				"north": {"uv": [4.25, 0, 4.375, 5.125], "texture": "#0"},
				"east": {"uv": [2.5, 0, 2.75, 5.125], "texture": "#0"},
				"south": {"uv": [4.375, 0, 4.5, 5.125], "texture": "#0"},
				"west": {"uv": [2.75, 0, 3, 5.125], "texture": "#0"},
				"up": {"uv": [4.625, 1.75, 4.5, 1.5], "texture": "#0"},
				"down": {"uv": [4.625, 1.75, 4.5, 2], "texture": "#0"}
			}
		},
		{
			"from": [22, 23, 6.5],
			"to": [24, 25, 9.5],
			"rotation": {"angle": 0, "axis": "y", "origin": [22, 23, 7.5]},
			"faces": {
				"north": {"uv": [6.5, 3, 7, 3.5], "texture": "#1"},
				"east": {"uv": [6.25, 1, 7, 1.5], "texture": "#1"},
				"south": {"uv": [6.5, 5, 7, 5.5], "texture": "#1"},
				"west": {"uv": [6.25, 2, 7, 2.5], "texture": "#1"},
				"up": {"uv": [3, 7, 2.5, 6.25], "texture": "#1"},
				"down": {"uv": [4, 6.25, 3.5, 7], "texture": "#1"}
			}
		},
		{
			"from": [12, 28, 7],
			"to": [14, 30, 9],
			"rotation": {"angle": 0, "axis": "y", "origin": [12, 28, 7]},
			"faces": {
				"north": {"uv": [6.75, 0, 7.25, 0.5], "texture": "#1"},
				"east": {"uv": [0.75, 6.75, 1.25, 7.25], "texture": "#1"},
				"south": {"uv": [6.5, 6.75, 7, 7.25], "texture": "#1"},
				"west": {"uv": [0, 7, 0.5, 7.5], "texture": "#1"},
				"up": {"uv": [7.5, 1.5, 7, 1], "texture": "#1"},
				"down": {"uv": [7.5, 1.5, 7, 2], "texture": "#1"}
			}
		},
		{
			"from": [10, 28, 7],
			"to": [12, 30, 9],
			"rotation": {"angle": 0, "axis": "y", "origin": [10, 28, 7]},
			"faces": {
				"north": {"uv": [7, 2, 7.5, 2.5], "texture": "#1"},
				"east": {"uv": [2.5, 7, 3, 7.5], "texture": "#1"},
				"south": {"uv": [3, 7, 3.5, 7.5], "texture": "#1"},
				"west": {"uv": [7, 3, 7.5, 3.5], "texture": "#1"},
				"up": {"uv": [4, 7.5, 3.5, 7], "texture": "#1"},
				"down": {"uv": [7.5, 3.5, 7, 4], "texture": "#1"}
			}
		},
		{
			"from": [8, 28, 6],
			"to": [10, 30, 10],
			"rotation": {"angle": 0, "axis": "y", "origin": [8, 28, 7]},
			"faces": {
				"north": {"uv": [4, 7, 4.5, 7.5], "texture": "#1"},
				"east": {"uv": [4.5, 0.5, 5.5, 1], "texture": "#1"},
				"south": {"uv": [7, 4, 7.5, 4.5], "texture": "#1"},
				"west": {"uv": [4.5, 2.5, 5.5, 3], "texture": "#1"},
				"up": {"uv": [4.5, 5.5, 4, 4.5], "texture": "#1"},
				"down": {"uv": [5, 4.5, 4.5, 5.5], "texture": "#1"}
			}
		},
		{
			"from": [20, 24, 6.5],
			"to": [22, 26, 9.5],
			"rotation": {"angle": 0, "axis": "y", "origin": [20, 24, 7.5]},
			"faces": {
				"north": {"uv": [4.5, 7, 5, 7.5], "texture": "#1"},
				"east": {"uv": [6.25, 4, 7, 4.5], "texture": "#1"},
				"south": {"uv": [7, 4.5, 7.5, 5], "texture": "#1"},
				"west": {"uv": [0, 6.5, 0.75, 7], "texture": "#1"},
				"up": {"uv": [2, 7.25, 1.5, 6.5], "texture": "#1"},
				"down": {"uv": [2.5, 6.5, 2, 7.25], "texture": "#1"}
			}
		},
		{
			"from": [18, 26, 6],
			"to": [20, 28, 10],
			"rotation": {"angle": 0, "axis": "y", "origin": [18, 26, 7]},
			"faces": {
				"north": {"uv": [5, 7, 5.5, 7.5], "texture": "#1"},
				"east": {"uv": [4.5, 3, 5.5, 3.5], "texture": "#1"},
				"south": {"uv": [7, 5, 7.5, 5.5], "texture": "#1"},
				"west": {"uv": [5, 1.5, 6, 2], "texture": "#1"},
				"up": {"uv": [2.5, 6, 2, 5], "texture": "#1"},
				"down": {"uv": [3.5, 5, 3, 6], "texture": "#1"}
			}
		},
		{
			"from": [16, 27, 6],
			"to": [18, 29, 10],
			"rotation": {"angle": 0, "axis": "y", "origin": [16, 27, 7]},
			"faces": {
				"north": {"uv": [7, 5.5, 7.5, 6], "texture": "#1"},
				"east": {"uv": [5, 3.5, 6, 4], "texture": "#1"},
				"south": {"uv": [6, 7, 6.5, 7.5], "texture": "#1"},
				"west": {"uv": [5, 4.5, 6, 5], "texture": "#1"},
				"up": {"uv": [5.5, 6, 5, 5], "texture": "#1"},
				"down": {"uv": [3, 5.25, 2.5, 6.25], "texture": "#1"}
			}
		},
		{
			"from": [22, 21, 5.5],
			"to": [24, 23, 10.5],
			"rotation": {"angle": 0, "axis": "y", "origin": [22, 21, 7.5]},
			"faces": {
				"north": {"uv": [7, 6, 7.5, 6.5], "texture": "#1"},
				"east": {"uv": [4, 1, 5.25, 1.5], "texture": "#1"},
				"south": {"uv": [7, 6.5, 7.5, 7], "texture": "#1"},
				"west": {"uv": [4, 2, 5.25, 2.5], "texture": "#1"},
				"up": {"uv": [3, 5.25, 2.5, 4], "texture": "#1"},
				"down": {"uv": [4, 4, 3.5, 5.25], "texture": "#1"}
			}
		},
		{
			"from": [24, 21, 6.5],
			"to": [26, 23, 9.5],
			"rotation": {"angle": 0, "axis": "y", "origin": [24, 21, 7.5]},
			"faces": {
				"north": {"uv": [7, 7, 7.5, 7.5], "texture": "#1"},
				"east": {"uv": [6.5, 0.5, 7.25, 1], "texture": "#1"},
				"south": {"uv": [7.25, 0, 7.75, 0.5], "texture": "#1"},
				"west": {"uv": [6.5, 2.5, 7.25, 3], "texture": "#1"},
				"up": {"uv": [6, 7.25, 5.5, 6.5], "texture": "#1"},
				"down": {"uv": [7, 6, 6.5, 6.75], "texture": "#1"}
			}
		},
		{
			"from": [24, 19, 7],
			"to": [26, 21, 9],
			"rotation": {"angle": 0, "axis": "y", "origin": [24, 19, 7]},
			"faces": {
				"north": {"uv": [0.5, 7.25, 1, 7.75], "texture": "#1"},
				"east": {"uv": [7.25, 0.5, 7.75, 1], "texture": "#1"},
				"south": {"uv": [1, 7.25, 1.5, 7.75], "texture": "#1"},
				"west": {"uv": [1.5, 7.25, 2, 7.75], "texture": "#1"},
				"up": {"uv": [2.5, 7.75, 2, 7.25], "texture": "#1"},
				"down": {"uv": [7.75, 2.5, 7.25, 3], "texture": "#1"}
			}
		},
		{
			"from": [24, 17, 7.5],
			"to": [26, 19, 8.5],
			"rotation": {"angle": 0, "axis": "y", "origin": [24, 17, 7.5]},
			"faces": {
				"north": {"uv": [5.5, 7.25, 6, 7.75], "texture": "#1"},
				"east": {"uv": [1.25, 6.75, 1.5, 7.25], "texture": "#1"},
				"south": {"uv": [6.5, 7.25, 7, 7.75], "texture": "#1"},
				"west": {"uv": [4, 8, 4.25, 8.5], "texture": "#1"},
				"up": {"uv": [2, 6, 1.5, 5.75], "texture": "#1"},
				"down": {"uv": [8.5, 4, 8, 4.25], "texture": "#1"}
			}
		},
		{
			"from": [12, 26, 5],
			"to": [14, 28, 11],
			"rotation": {"angle": 0, "axis": "y", "origin": [12, 26, 7]},
			"faces": {
				"north": {"uv": [0, 7.5, 0.5, 8], "texture": "#1"},
				"east": {"uv": [0, 0, 1.5, 0.5], "texture": "#1"},
				"south": {"uv": [7.5, 1, 8, 1.5], "texture": "#1"},
				"west": {"uv": [0, 0.5, 1.5, 1], "texture": "#1"},
				"up": {"uv": [0.5, 2.5, 0, 1], "texture": "#1"},
				"down": {"uv": [1, 1, 0.5, 2.5], "texture": "#1"}
			}
		},
		{
			"from": [10, 26, 5],
			"to": [12, 28, 11],
			"rotation": {"angle": 0, "axis": "y", "origin": [10, 26, 7]},
			"faces": {
				"north": {"uv": [7.5, 1.5, 8, 2], "texture": "#1"},
				"east": {"uv": [1, 1, 2.5, 1.5], "texture": "#1"},
				"south": {"uv": [7.5, 2, 8, 2.5], "texture": "#1"},
				"west": {"uv": [1.5, 0, 3, 0.5], "texture": "#1"},
				"up": {"uv": [1.5, 3, 1, 1.5], "texture": "#1"},
				"down": {"uv": [2, 1.5, 1.5, 3], "texture": "#1"}
			}
		},
		{
			"from": [8, 26, 5],
			"to": [10, 28, 11],
			"rotation": {"angle": 0, "axis": "y", "origin": [8, 26, 7]},
			"faces": {
				"north": {"uv": [2.5, 7.5, 3, 8], "texture": "#1"},
				"east": {"uv": [1.5, 0.5, 3, 1], "texture": "#1"},
				"south": {"uv": [3, 7.5, 3.5, 8], "texture": "#1"},
				"west": {"uv": [2, 1.5, 3.5, 2], "texture": "#1"},
				"up": {"uv": [2.5, 3.5, 2, 2], "texture": "#1"},
				"down": {"uv": [0.5, 2.5, 0, 4], "texture": "#1"}
			}
		},
		{
			"from": [20, 22, 5.5],
			"to": [22, 24, 10.5],
			"rotation": {"angle": 0, "axis": "y", "origin": [20, 22, 7.5]},
			"faces": {
				"north": {"uv": [7.5, 3, 8, 3.5], "texture": "#1"},
				"east": {"uv": [4, 4, 5.25, 4.5], "texture": "#1"},
				"south": {"uv": [3.5, 7.5, 4, 8], "texture": "#1"},
				"west": {"uv": [4.5, 0, 5.75, 0.5], "texture": "#1"},
				"up": {"uv": [1.5, 5.75, 1, 4.5], "texture": "#1"},
				"down": {"uv": [2, 4.5, 1.5, 5.75], "texture": "#1"}
			}
		},
		{
			"from": [18, 24, 5],
			"to": [20, 26, 11],
			"rotation": {"angle": 0, "axis": "y", "origin": [18, 24, 7]},
			"faces": {
				"north": {"uv": [7.5, 3.5, 8, 4], "texture": "#1"},
				"east": {"uv": [2.5, 1, 4, 1.5], "texture": "#1"},
				"south": {"uv": [4, 7.5, 4.5, 8], "texture": "#1"},
				"west": {"uv": [2.5, 2, 4, 2.5], "texture": "#1"},
				"up": {"uv": [1, 4, 0.5, 2.5], "texture": "#1"},
				"down": {"uv": [3, 2.5, 2.5, 4], "texture": "#1"}
			}
		},
		{
			"from": [16, 25, 5],
			"to": [18, 27, 11],
			"rotation": {"angle": 0, "axis": "y", "origin": [16, 25, 7]},
			"faces": {
				"north": {"uv": [7.5, 4, 8, 4.5], "texture": "#1"},
				"east": {"uv": [3, 0, 4.5, 0.5], "texture": "#1"},
				"south": {"uv": [4.5, 7.5, 5, 8], "texture": "#1"},
				"west": {"uv": [3, 0.5, 4.5, 1], "texture": "#1"},
				"up": {"uv": [1.5, 4.5, 1, 3], "texture": "#1"},
				"down": {"uv": [2, 3, 1.5, 4.5], "texture": "#1"}
			}
		},
		{
			"from": [14, 26, 5],
			"to": [16, 28, 11],
			"rotation": {"angle": 0, "axis": "y", "origin": [14, 26, 7]},
			"faces": {
				"north": {"uv": [7.5, 4.5, 8, 5], "texture": "#1"},
				"east": {"uv": [3, 2.5, 4.5, 3], "texture": "#1"},
				"south": {"uv": [5, 7.5, 5.5, 8], "texture": "#1"},
				"west": {"uv": [3, 3, 4.5, 3.5], "texture": "#1"},
				"up": {"uv": [2.5, 5, 2, 3.5], "texture": "#1"},
				"down": {"uv": [3.5, 3.5, 3, 5], "texture": "#1"}
			}
		},
		{
			"from": [22, 19, 6],
			"to": [24, 21, 10],
			"rotation": {"angle": 0, "axis": "y", "origin": [22, 19, 7]},
			"faces": {
				"north": {"uv": [7.5, 5, 8, 5.5], "texture": "#1"},
				"east": {"uv": [5.25, 1, 6.25, 1.5], "texture": "#1"},
				"south": {"uv": [7.5, 5.5, 8, 6], "texture": "#1"},
				"west": {"uv": [5.25, 2, 6.25, 2.5], "texture": "#1"},
				"up": {"uv": [4, 6.25, 3.5, 5.25], "texture": "#1"},
				"down": {"uv": [0.5, 5.5, 0, 6.5], "texture": "#1"}
			}
		},
		{
			"from": [12, 24, 6],
			"to": [14, 26, 10],
			"rotation": {"angle": 0, "axis": "y", "origin": [12, 24, 7]},
			"faces": {
				"north": {"uv": [6, 7.5, 6.5, 8], "texture": "#1"},
				"east": {"uv": [5.25, 4, 6.25, 4.5], "texture": "#1"},
				"south": {"uv": [7.5, 6, 8, 6.5], "texture": "#1"},
				"west": {"uv": [5.5, 0.5, 6.5, 1], "texture": "#1"},
				"up": {"uv": [1, 6.5, 0.5, 5.5], "texture": "#1"},
				"down": {"uv": [6, 2.5, 5.5, 3.5], "texture": "#1"}
			}
		},
		{
			"from": [10, 24, 7],
			"to": [12, 26, 9],
			"rotation": {"angle": 0, "axis": "y", "origin": [10, 24, 7]},
			"faces": {
				"north": {"uv": [7.5, 6.5, 8, 7], "texture": "#1"},
				"east": {"uv": [7, 7.5, 7.5, 8], "texture": "#1"},
				"south": {"uv": [7.5, 7, 8, 7.5], "texture": "#1"},
				"west": {"uv": [7.5, 7.5, 8, 8], "texture": "#1"},
				"up": {"uv": [8.25, 0.5, 7.75, 0], "texture": "#1"},
				"down": {"uv": [1, 7.75, 0.5, 8.25], "texture": "#1"}
			}
		},
		{
			"from": [8, 24, 5],
			"to": [10, 26, 11],
			"rotation": {"angle": 0, "axis": "y", "origin": [8, 24, 7]},
			"faces": {
				"north": {"uv": [7.75, 0.5, 8.25, 1], "texture": "#1"},
				"east": {"uv": [3.5, 1.5, 5, 2], "texture": "#1"},
				"south": {"uv": [1, 7.75, 1.5, 8.25], "texture": "#1"},
				"west": {"uv": [3.5, 3.5, 5, 4], "texture": "#1"},
				"up": {"uv": [0.5, 5.5, 0, 4], "texture": "#1"},
				"down": {"uv": [1, 4, 0.5, 5.5], "texture": "#1"}
			}
		},
		{
			"from": [20, 20, 6],
			"to": [22, 22, 10],
			"rotation": {"angle": 0, "axis": "y", "origin": [20, 20, 7]},
			"faces": {
				"north": {"uv": [1.5, 7.75, 2, 8.25], "texture": "#1"},
				"east": {"uv": [4, 5.5, 5, 6], "texture": "#1"},
				"south": {"uv": [2, 7.75, 2.5, 8.25], "texture": "#1"},
				"west": {"uv": [5.5, 5, 6.5, 5.5], "texture": "#1"},
				"up": {"uv": [6, 6.5, 5.5, 5.5], "texture": "#1"},
				"down": {"uv": [1.5, 5.75, 1, 6.75], "texture": "#1"}
			}
		},
		{
			"from": [18, 22, 6],
			"to": [20, 24, 10],
			"rotation": {"angle": 0, "axis": "y", "origin": [18, 22, 7]},
			"faces": {
				"north": {"uv": [7.75, 2.5, 8.25, 3], "texture": "#1"},
				"east": {"uv": [5.75, 0, 6.75, 0.5], "texture": "#1"},
				"south": {"uv": [5.5, 7.75, 6, 8.25], "texture": "#1"},
				"west": {"uv": [1.5, 6, 2.5, 6.5], "texture": "#1"},
				"up": {"uv": [6.5, 3.5, 6, 2.5], "texture": "#1"},
				"down": {"uv": [3.5, 6, 3, 7], "texture": "#1"}
			}
		},
		{
			"from": [16, 23, 6],
			"to": [18, 25, 10],
			"rotation": {"angle": 0, "axis": "y", "origin": [16, 23, 7]},
			"faces": {
				"north": {"uv": [6.5, 7.75, 7, 8.25], "texture": "#1"},
				"east": {"uv": [6, 1.5, 7, 2], "texture": "#1"},
				"south": {"uv": [0, 8, 0.5, 8.5], "texture": "#1"},
				"west": {"uv": [6, 3.5, 7, 4], "texture": "#1"},
				"up": {"uv": [4.5, 7, 4, 6], "texture": "#1"},
				"down": {"uv": [5, 6, 4.5, 7], "texture": "#1"}
			}
		},
		{
			"from": [14, 24, 6],
			"to": [16, 26, 10],
			"rotation": {"angle": 0, "axis": "y", "origin": [14, 24, 7]},
			"faces": {
				"north": {"uv": [8, 1, 8.5, 1.5], "texture": "#1"},
				"east": {"uv": [6, 4.5, 7, 5], "texture": "#1"},
				"south": {"uv": [8, 1.5, 8.5, 2], "texture": "#1"},
				"west": {"uv": [6, 5.5, 7, 6], "texture": "#1"},
				"up": {"uv": [5.5, 7, 5, 6], "texture": "#1"},
				"down": {"uv": [6.5, 6, 6, 7], "texture": "#1"}
			}
		},
		{
			"from": [14, 28, 7],
			"to": [16, 30, 9],
			"rotation": {"angle": 0, "axis": "y", "origin": [14, 28, 7]},
			"faces": {
				"north": {"uv": [8, 2, 8.5, 2.5], "texture": "#1"},
				"east": {"uv": [2.5, 8, 3, 8.5], "texture": "#1"},
				"south": {"uv": [3, 8, 3.5, 8.5], "texture": "#1"},
				"west": {"uv": [8, 3, 8.5, 3.5], "texture": "#1"},
				"up": {"uv": [4, 8.5, 3.5, 8], "texture": "#1"},
				"down": {"uv": [8.5, 3.5, 8, 4], "texture": "#1"}
			}
		},
		{
			"from": [-8, 23, 6.5],
			"to": [-6, 25, 9.5],
			"rotation": {"angle": 0, "axis": "y", "origin": [-6, 23, 7.5]},
			"faces": {
				"north": {"uv": [7, 3, 6.5, 3.5], "texture": "#1"},
				"east": {"uv": [7, 2, 6.25, 2.5], "texture": "#1"},
				"south": {"uv": [7, 5, 6.5, 5.5], "texture": "#1"},
				"west": {"uv": [7, 1, 6.25, 1.5], "texture": "#1"},
				"up": {"uv": [2.5, 7, 3, 6.25], "texture": "#1"},
				"down": {"uv": [3.5, 6.25, 4, 7], "texture": "#1"}
			}
		},
		{
			"from": [2, 28, 7],
			"to": [4, 30, 9],
			"rotation": {"angle": 0, "axis": "y", "origin": [4, 28, 7]},
			"faces": {
				"north": {"uv": [7.25, 0, 6.75, 0.5], "texture": "#1"},
				"east": {"uv": [0.5, 7, 0, 7.5], "texture": "#1"},
				"south": {"uv": [7, 6.75, 6.5, 7.25], "texture": "#1"},
				"west": {"uv": [1.25, 6.75, 0.75, 7.25], "texture": "#1"},
				"up": {"uv": [7, 1.5, 7.5, 1], "texture": "#1"},
				"down": {"uv": [7, 1.5, 7.5, 2], "texture": "#1"}
			}
		},
		{
			"from": [4, 28, 7],
			"to": [6, 30, 9],
			"rotation": {"angle": 0, "axis": "y", "origin": [6, 28, 7]},
			"faces": {
				"north": {"uv": [7.5, 2, 7, 2.5], "texture": "#1"},
				"east": {"uv": [7.5, 3, 7, 3.5], "texture": "#1"},
				"south": {"uv": [3.5, 7, 3, 7.5], "texture": "#1"},
				"west": {"uv": [3, 7, 2.5, 7.5], "texture": "#1"},
				"up": {"uv": [3.5, 7.5, 4, 7], "texture": "#1"},
				"down": {"uv": [7, 3.5, 7.5, 4], "texture": "#1"}
			}
		},
		{
			"from": [6, 28, 6],
			"to": [8, 30, 10],
			"rotation": {"angle": 0, "axis": "y", "origin": [8, 28, 7]},
			"faces": {
				"north": {"uv": [4.5, 7, 4, 7.5], "texture": "#1"},
				"east": {"uv": [5.5, 2.5, 4.5, 3], "texture": "#1"},
				"south": {"uv": [7.5, 4, 7, 4.5], "texture": "#1"},
				"west": {"uv": [5.5, 0.5, 4.5, 1], "texture": "#1"},
				"up": {"uv": [4, 5.5, 4.5, 4.5], "texture": "#1"},
				"down": {"uv": [4.5, 4.5, 5, 5.5], "texture": "#1"}
			}
		},
		{
			"from": [-6, 24, 6.5],
			"to": [-4, 26, 9.5],
			"rotation": {"angle": 0, "axis": "y", "origin": [-4, 24, 7.5]},
			"faces": {
				"north": {"uv": [5, 7, 4.5, 7.5], "texture": "#1"},
				"east": {"uv": [0.75, 6.5, 0, 7], "texture": "#1"},
				"south": {"uv": [7.5, 4.5, 7, 5], "texture": "#1"},
				"west": {"uv": [7, 4, 6.25, 4.5], "texture": "#1"},
				"up": {"uv": [1.5, 7.25, 2, 6.5], "texture": "#1"},
				"down": {"uv": [2, 6.5, 2.5, 7.25], "texture": "#1"}
			}
		},
		{
			"from": [-4, 26, 6],
			"to": [-2, 28, 10],
			"rotation": {"angle": 0, "axis": "y", "origin": [-2, 26, 7]},
			"faces": {
				"north": {"uv": [5.5, 7, 5, 7.5], "texture": "#1"},
				"east": {"uv": [6, 1.5, 5, 2], "texture": "#1"},
				"south": {"uv": [7.5, 5, 7, 5.5], "texture": "#1"},
				"west": {"uv": [5.5, 3, 4.5, 3.5], "texture": "#1"},
				"up": {"uv": [2, 6, 2.5, 5], "texture": "#1"},
				"down": {"uv": [3, 5, 3.5, 6], "texture": "#1"}
			}
		},
		{
			"from": [-2, 27, 6],
			"to": [0, 29, 10],
			"rotation": {"angle": 0, "axis": "y", "origin": [0, 27, 7]},
			"faces": {
				"north": {"uv": [7.5, 5.5, 7, 6], "texture": "#1"},
				"east": {"uv": [6, 4.5, 5, 5], "texture": "#1"},
				"south": {"uv": [6.5, 7, 6, 7.5], "texture": "#1"},
				"west": {"uv": [6, 3.5, 5, 4], "texture": "#1"},
				"up": {"uv": [5, 6, 5.5, 5], "texture": "#1"},
				"down": {"uv": [2.5, 5.25, 3, 6.25], "texture": "#1"}
			}
		},
		{
			"from": [-8, 21, 5.5],
			"to": [-6, 23, 10.5],
			"rotation": {"angle": 0, "axis": "y", "origin": [-6, 21, 7.5]},
			"faces": {
				"north": {"uv": [7.5, 6, 7, 6.5], "texture": "#1"},
				"east": {"uv": [5.25, 2, 4, 2.5], "texture": "#1"},
				"south": {"uv": [7.5, 6.5, 7, 7], "texture": "#1"},
				"west": {"uv": [5.25, 1, 4, 1.5], "texture": "#1"},
				"up": {"uv": [2.5, 5.25, 3, 4], "texture": "#1"},
				"down": {"uv": [3.5, 4, 4, 5.25], "texture": "#1"}
			}
		},
		{
			"from": [-10, 21, 6.5],
			"to": [-8, 23, 9.5],
			"rotation": {"angle": 0, "axis": "y", "origin": [-8, 21, 7.5]},
			"faces": {
				"north": {"uv": [7.5, 7, 7, 7.5], "texture": "#1"},
				"east": {"uv": [7.25, 2.5, 6.5, 3], "texture": "#1"},
				"south": {"uv": [7.75, 0, 7.25, 0.5], "texture": "#1"},
				"west": {"uv": [7.25, 0.5, 6.5, 1], "texture": "#1"},
				"up": {"uv": [5.5, 7.25, 6, 6.5], "texture": "#1"},
				"down": {"uv": [6.5, 6, 7, 6.75], "texture": "#1"}
			}
		},
		{
			"from": [-10, 19, 7],
			"to": [-8, 21, 9],
			"rotation": {"angle": 0, "axis": "y", "origin": [-8, 19, 7]},
			"faces": {
				"north": {"uv": [1, 7.25, 0.5, 7.75], "texture": "#1"},
				"east": {"uv": [2, 7.25, 1.5, 7.75], "texture": "#1"},
				"south": {"uv": [1.5, 7.25, 1, 7.75], "texture": "#1"},
				"west": {"uv": [7.75, 0.5, 7.25, 1], "texture": "#1"},
				"up": {"uv": [2, 7.75, 2.5, 7.25], "texture": "#1"},
				"down": {"uv": [7.25, 2.5, 7.75, 3], "texture": "#1"}
			}
		},
		{
			"from": [-10, 17, 7.5],
			"to": [-8, 19, 8.5],
			"rotation": {"angle": 0, "axis": "y", "origin": [-8, 17, 7.5]},
			"faces": {
				"north": {"uv": [6, 7.25, 5.5, 7.75], "texture": "#1"},
				"east": {"uv": [4.25, 8, 4, 8.5], "texture": "#1"},
				"south": {"uv": [7, 7.25, 6.5, 7.75], "texture": "#1"},
				"west": {"uv": [1.5, 6.75, 1.25, 7.25], "texture": "#1"},
				"up": {"uv": [1.5, 6, 2, 5.75], "texture": "#1"},
				"down": {"uv": [8, 4, 8.5, 4.25], "texture": "#1"}
			}
		},
		{
			"from": [2, 26, 5],
			"to": [4, 28, 11],
			"rotation": {"angle": 0, "axis": "y", "origin": [4, 26, 7]},
			"faces": {
				"north": {"uv": [0.5, 7.5, 0, 8], "texture": "#1"},
				"east": {"uv": [1.5, 0.5, 0, 1], "texture": "#1"},
				"south": {"uv": [8, 1, 7.5, 1.5], "texture": "#1"},
				"west": {"uv": [1.5, 0, 0, 0.5], "texture": "#1"},
				"up": {"uv": [0, 2.5, 0.5, 1], "texture": "#1"},
				"down": {"uv": [0.5, 1, 1, 2.5], "texture": "#1"}
			}
		},
		{
			"from": [4, 26, 5],
			"to": [6, 28, 11],
			"rotation": {"angle": 0, "axis": "y", "origin": [6, 26, 7]},
			"faces": {
				"north": {"uv": [8, 1.5, 7.5, 2], "texture": "#1"},
				"east": {"uv": [3, 0, 1.5, 0.5], "texture": "#1"},
				"south": {"uv": [8, 2, 7.5, 2.5], "texture": "#1"},
				"west": {"uv": [2.5, 1, 1, 1.5], "texture": "#1"},
				"up": {"uv": [1, 3, 1.5, 1.5], "texture": "#1"},
				"down": {"uv": [1.5, 1.5, 2, 3], "texture": "#1"}
			}
		},
		{
			"from": [6, 26, 5],
			"to": [8, 28, 11],
			"rotation": {"angle": 0, "axis": "y", "origin": [8, 26, 7]},
			"faces": {
				"north": {"uv": [3, 7.5, 2.5, 8], "texture": "#1"},
				"east": {"uv": [3.5, 1.5, 2, 2], "texture": "#1"},
				"south": {"uv": [3.5, 7.5, 3, 8], "texture": "#1"},
				"west": {"uv": [3, 0.5, 1.5, 1], "texture": "#1"},
				"up": {"uv": [2, 3.5, 2.5, 2], "texture": "#1"},
				"down": {"uv": [0, 2.5, 0.5, 4], "texture": "#1"}
			}
		},
		{
			"from": [-6, 22, 5.5],
			"to": [-4, 24, 10.5],
			"rotation": {"angle": 0, "axis": "y", "origin": [-4, 22, 7.5]},
			"faces": {
				"north": {"uv": [8, 3, 7.5, 3.5], "texture": "#1"},
				"east": {"uv": [5.75, 0, 4.5, 0.5], "texture": "#1"},
				"south": {"uv": [4, 7.5, 3.5, 8], "texture": "#1"},
				"west": {"uv": [5.25, 4, 4, 4.5], "texture": "#1"},
				"up": {"uv": [1, 5.75, 1.5, 4.5], "texture": "#1"},
				"down": {"uv": [1.5, 4.5, 2, 5.75], "texture": "#1"}
			}
		},
		{
			"from": [-4, 24, 5],
			"to": [-2, 26, 11],
			"rotation": {"angle": 0, "axis": "y", "origin": [-2, 24, 7]},
			"faces": {
				"north": {"uv": [8, 3.5, 7.5, 4], "texture": "#1"},
				"east": {"uv": [4, 2, 2.5, 2.5], "texture": "#1"},
				"south": {"uv": [4.5, 7.5, 4, 8], "texture": "#1"},
				"west": {"uv": [4, 1, 2.5, 1.5], "texture": "#1"},
				"up": {"uv": [0.5, 4, 1, 2.5], "texture": "#1"},
				"down": {"uv": [2.5, 2.5, 3, 4], "texture": "#1"}
			}
		},
		{
			"from": [-2, 25, 5],
			"to": [0, 27, 11],
			"rotation": {"angle": 0, "axis": "y", "origin": [0, 25, 7]},
			"faces": {
				"north": {"uv": [8, 4, 7.5, 4.5], "texture": "#1"},
				"east": {"uv": [4.5, 0.5, 3, 1], "texture": "#1"},
				"south": {"uv": [5, 7.5, 4.5, 8], "texture": "#1"},
				"west": {"uv": [4.5, 0, 3, 0.5], "texture": "#1"},
				"up": {"uv": [1, 4.5, 1.5, 3], "texture": "#1"},
				"down": {"uv": [1.5, 3, 2, 4.5], "texture": "#1"}
			}
		},
		{
			"from": [0, 26, 5],
			"to": [2, 28, 11],
			"rotation": {"angle": 0, "axis": "y", "origin": [2, 26, 7]},
			"faces": {
				"north": {"uv": [8, 4.5, 7.5, 5], "texture": "#1"},
				"east": {"uv": [4.5, 3, 3, 3.5], "texture": "#1"},
				"south": {"uv": [5.5, 7.5, 5, 8], "texture": "#1"},
				"west": {"uv": [4.5, 2.5, 3, 3], "texture": "#1"},
				"up": {"uv": [2, 5, 2.5, 3.5], "texture": "#1"},
				"down": {"uv": [3, 3.5, 3.5, 5], "texture": "#1"}
			}
		},
		{
			"from": [-8, 19, 6],
			"to": [-6, 21, 10],
			"rotation": {"angle": 0, "axis": "y", "origin": [-6, 19, 7]},
			"faces": {
				"north": {"uv": [8, 5, 7.5, 5.5], "texture": "#1"},
				"east": {"uv": [6.25, 2, 5.25, 2.5], "texture": "#1"},
				"south": {"uv": [8, 5.5, 7.5, 6], "texture": "#1"},
				"west": {"uv": [6.25, 1, 5.25, 1.5], "texture": "#1"},
				"up": {"uv": [3.5, 6.25, 4, 5.25], "texture": "#1"},
				"down": {"uv": [0, 5.5, 0.5, 6.5], "texture": "#1"}
			}
		},
		{
			"from": [2, 24, 6],
			"to": [4, 26, 10],
			"rotation": {"angle": 0, "axis": "y", "origin": [4, 24, 7]},
			"faces": {
				"north": {"uv": [6.5, 7.5, 6, 8], "texture": "#1"},
				"east": {"uv": [6.5, 0.5, 5.5, 1], "texture": "#1"},
				"south": {"uv": [8, 6, 7.5, 6.5], "texture": "#1"},
				"west": {"uv": [6.25, 4, 5.25, 4.5], "texture": "#1"},
				"up": {"uv": [0.5, 6.5, 1, 5.5], "texture": "#1"},
				"down": {"uv": [5.5, 2.5, 6, 3.5], "texture": "#1"}
			}
		},
		{
			"from": [4, 24, 7],
			"to": [6, 26, 9],
			"rotation": {"angle": 0, "axis": "y", "origin": [6, 24, 7]},
			"faces": {
				"north": {"uv": [8, 6.5, 7.5, 7], "texture": "#1"},
				"east": {"uv": [8, 7.5, 7.5, 8], "texture": "#1"},
				"south": {"uv": [8, 7, 7.5, 7.5], "texture": "#1"},
				"west": {"uv": [7.5, 7.5, 7, 8], "texture": "#1"},
				"up": {"uv": [7.75, 0.5, 8.25, 0], "texture": "#1"},
				"down": {"uv": [0.5, 7.75, 1, 8.25], "texture": "#1"}
			}
		},
		{
			"from": [6, 24, 5],
			"to": [8, 26, 11],
			"rotation": {"angle": 0, "axis": "y", "origin": [8, 24, 7]},
			"faces": {
				"north": {"uv": [8.25, 0.5, 7.75, 1], "texture": "#1"},
				"east": {"uv": [5, 3.5, 3.5, 4], "texture": "#1"},
				"south": {"uv": [1.5, 7.75, 1, 8.25], "texture": "#1"},
				"west": {"uv": [5, 1.5, 3.5, 2], "texture": "#1"},
				"up": {"uv": [0, 5.5, 0.5, 4], "texture": "#1"},
				"down": {"uv": [0.5, 4, 1, 5.5], "texture": "#1"}
			}
		},
		{
			"from": [-6, 20, 6],
			"to": [-4, 22, 10],
			"rotation": {"angle": 0, "axis": "y", "origin": [-4, 20, 7]},
			"faces": {
				"north": {"uv": [2, 7.75, 1.5, 8.25], "texture": "#1"},
				"east": {"uv": [6.5, 5, 5.5, 5.5], "texture": "#1"},
				"south": {"uv": [2.5, 7.75, 2, 8.25], "texture": "#1"},
				"west": {"uv": [5, 5.5, 4, 6], "texture": "#1"},
				"up": {"uv": [5.5, 6.5, 6, 5.5], "texture": "#1"},
				"down": {"uv": [1, 5.75, 1.5, 6.75], "texture": "#1"}
			}
		},
		{
			"from": [-4, 22, 6],
			"to": [-2, 24, 10],
			"rotation": {"angle": 0, "axis": "y", "origin": [-2, 22, 7]},
			"faces": {
				"north": {"uv": [8.25, 2.5, 7.75, 3], "texture": "#1"},
				"east": {"uv": [2.5, 6, 1.5, 6.5], "texture": "#1"},
				"south": {"uv": [6, 7.75, 5.5, 8.25], "texture": "#1"},
				"west": {"uv": [6.75, 0, 5.75, 0.5], "texture": "#1"},
				"up": {"uv": [6, 3.5, 6.5, 2.5], "texture": "#1"},
				"down": {"uv": [3, 6, 3.5, 7], "texture": "#1"}
			}
		},
		{
			"from": [-2, 23, 6],
			"to": [0, 25, 10],
			"rotation": {"angle": 0, "axis": "y", "origin": [0, 23, 7]},
			"faces": {
				"north": {"uv": [7, 7.75, 6.5, 8.25], "texture": "#1"},
				"east": {"uv": [7, 3.5, 6, 4], "texture": "#1"},
				"south": {"uv": [0.5, 8, 0, 8.5], "texture": "#1"},
				"west": {"uv": [7, 1.5, 6, 2], "texture": "#1"},
				"up": {"uv": [4, 7, 4.5, 6], "texture": "#1"},
				"down": {"uv": [4.5, 6, 5, 7], "texture": "#1"}
			}
		},
		{
			"from": [0, 24, 6],
			"to": [2, 26, 10],
			"rotation": {"angle": 0, "axis": "y", "origin": [2, 24, 7]},
			"faces": {
				"north": {"uv": [8.5, 1, 8, 1.5], "texture": "#1"},
				"east": {"uv": [7, 5.5, 6, 6], "texture": "#1"},
				"south": {"uv": [8.5, 1.5, 8, 2], "texture": "#1"},
				"west": {"uv": [7, 4.5, 6, 5], "texture": "#1"},
				"up": {"uv": [5, 7, 5.5, 6], "texture": "#1"},
				"down": {"uv": [6, 6, 6.5, 7], "texture": "#1"}
			}
		},
		{
			"from": [0, 28, 7],
			"to": [2, 30, 9],
			"rotation": {"angle": 0, "axis": "y", "origin": [2, 28, 7]},
			"faces": {
				"north": {"uv": [8.5, 2, 8, 2.5], "texture": "#1"},
				"east": {"uv": [8.5, 3, 8, 3.5], "texture": "#1"},
				"south": {"uv": [3.5, 8, 3, 8.5], "texture": "#1"},
				"west": {"uv": [3, 8, 2.5, 8.5], "texture": "#1"},
				"up": {"uv": [3.5, 8.5, 4, 8], "texture": "#1"},
				"down": {"uv": [8, 3.5, 8.5, 4], "texture": "#1"}
			}
		}
	],
	"display": {
		"thirdperson_righthand": {
			"rotation": [16, 90, -15],
			"translation": [0, 1.5, 0.75],
			"scale": [0.5, 0.5, 0.5]
		},
		"thirdperson_lefthand": {
			"rotation": [16, 90, -15],
			"translation": [0, 1.5, 0.75],
			"scale": [0.5, 0.5, 0.5]
		},
		"firstperson_righthand": {
			"rotation": [16, 90, -55],
			"translation": [-0.25, 1.25, 2.5],
			"scale": [0.5, 0.5, 0.5]
		},
		"firstperson_lefthand": {
			"rotation": [16, 90, -55],
			"translation": [-0.25, 1.25, 2.5],
			"scale": [0.5, 0.5, 0.5]
		},
		"ground": {
			"rotation": [-90, 0, 0],
			"scale": [0.25, 0.25, 0.25]
		},
		"gui": {
			"scale": [0.3, 0.3, 0.3]
		},
		"head": {
			"rotation": [180, 0, 0],
			"translation": [0, 17.5, 0],
			"scale": [0.5, 0.5, 0.5]
		},
		"fixed": {
			"scale": [0.3, 0.3, 0.3]
		}
	},
	"groups": [
		{
			"name": "griff",
			"origin": [8, 8, 8],
			"color": 0,
			"children": [0, 1, 2, 3, 4]
		},
		{
			"name": "head",
			"origin": [8, 8, 8],
			"color": 0,
			"children": [5, 6, 7, 8, 9, 10, 11, 12, 13, 14, 15, 16, 17, 18, 19, 20, 21, 22, 23, 24, 25, 26, 27, 28, 29, 30, 31]
		},
		{
			"name": "head",
			"origin": [8, 8, 8],
			"color": 0,
			"children": [32, 33, 34, 35, 36, 37, 38, 39, 40, 41, 42, 43, 44, 45, 46, 47, 48, 49, 50, 51, 52, 53, 54, 55, 56, 57, 58]
		}
	]
}