{
	"credit": "Made with Blockbench",
	"textures": {
		"0": "item/custom/ironblock",
		"1": "item/custom/redstone",
		"2": "item/custom/cry.png",
		"3": "item/custom/end_star",
		"particle": "item/custom/ironblock"
	},
	"elements": [
		{
			"from": [0, 14, 0],
			"to": [16, 16, 16],
			"rotation": {"angle": 0, "axis": "y", "origin": [0, 14, 0]},
			"faces": {
				"north": {"uv": [0, 0, 16, 2], "texture": "#0"},
				"east": {"uv": [0, 0, 16, 2], "texture": "#0"},
				"south": {"uv": [0, 0, 16, 2], "texture": "#0"},
				"west": {"uv": [0, 0, 16, 2], "texture": "#0"},
				"up": {"uv": [0, 0, 16, 16], "texture": "#0"},
				"down": {"uv": [0, 0, 16, 16], "texture": "#0"}
			}
		},
		{
			"from": [0, 0, 0],
			"to": [16, 2, 16],
			"faces": {
				"north": {"uv": [0, 14, 16, 16], "texture": "#0"},
				"east": {"uv": [0, 14, 16, 16], "texture": "#0"},
				"south": {"uv": [0, 14, 16, 16], "texture": "#0"},
				"west": {"uv": [0, 14, 16, 16], "texture": "#0"},
				"up": {"uv": [0, 0, 16, 16], "texture": "#0"},
				"down": {"uv": [0, 0, 16, 16], "texture": "#0"}
			}
		},
		{
			"from": [4, 4, 4],
			"to": [12, 12, 12],
			"rotation": {"angle": 0, "axis": "x", "origin": [7, 0, 7]},
			"faces": {
				"north": {"uv": [0, 0, 8, 8], "texture": "#3"},
				"east": {"uv": [0, 0, 8, 8], "texture": "#3"},
				"south": {"uv": [0, 0, 8, 8], "texture": "#3"},
				"west": {"uv": [0, 0, 8, 8], "texture": "#3"},
				"up": {"uv": [0, 0, 8, 8], "texture": "#3"},
				"down": {"uv": [0, 0, 8, 8], "texture": "#3"}
			}
		},
		{
			"from": [12, 6, 6],
			"to": [13, 10, 10],
			"rotation": {"angle": 0, "axis": "y", "origin": [8, 0, 7]},
			"faces": {
				"north": {"uv": [0, 0, 1, 4], "texture": "#2"},
				"east": {"uv": [0, 0, 4, 4], "texture": "#2"},
				"south": {"uv": [0, 0, 1, 4], "texture": "#2"},
				"west": {"uv": [0, 0, 4, 4], "texture": "#2"},
				"up": {"uv": [0, 0, 1, 4], "texture": "#2"},
				"down": {"uv": [0, 0, 1, 4], "texture": "#2"}
			}
		},
		{
			"from": [3, 6, 6],
			"to": [4, 10, 10],
			"rotation": {"angle": 0, "axis": "y", "origin": [-1, 0, 7]},
			"faces": {
				"north": {"uv": [0, 0, 1, 4], "texture": "#2"},
				"east": {"uv": [0, 0, 4, 4], "texture": "#2"},
				"south": {"uv": [0, 0, 1, 4], "texture": "#2"},
				"west": {"uv": [0, 0, 4, 4], "texture": "#2"},
				"up": {"uv": [0, 0, 1, 4], "texture": "#2"},
				"down": {"uv": [0, 0, 1, 4], "texture": "#2"}
			}
		},
		{
			"from": [0, 2, 0],
			"to": [2, 14, 2],
			"faces": {
				"north": {"uv": [14, 1.14917, 16, 13.14917], "texture": "#0"},
				"east": {"uv": [1.10497, 1.01657, 3.10497, 13.01657], "texture": "#0"},
				"south": {"uv": [1.10497, 1.01657, 3.10497, 13.01657], "texture": "#0"},
				"west": {"uv": [0, 1.01657, 2, 13.01657], "texture": "#0"},
				"up": {"uv": [0, 0, 2, 2], "texture": "#0"},
				"down": {"uv": [0, 0, 2, 2], "texture": "#0"}
			}
		},
		{
			"from": [0, 2, 14],
			"to": [2, 14, 16],
			"rotation": {"angle": 0, "axis": "y", "origin": [0, 0, 14]},
			"faces": {
				"north": {"uv": [1.10497, 1.01657, 3.10497, 13.01657], "texture": "#0"},
				"east": {"uv": [1.10497, 1.01657, 3.10497, 13.01657], "texture": "#0"},
				"south": {"uv": [0, 1.01657, 2, 13.01657], "texture": "#0"},
				"west": {"uv": [14, 1.14917, 16, 13.14917], "texture": "#0"},
				"up": {"uv": [0, 0, 2, 2], "texture": "#0"},
				"down": {"uv": [0, 0, 2, 2], "texture": "#0"}
			}
		},
		{
			"from": [14, 2, 0],
			"to": [16, 14, 2],
			"rotation": {"angle": 0, "axis": "y", "origin": [14, 0, 0]},
			"faces": {
				"north": {"uv": [0, 1.01657, 2, 13.01657], "texture": "#0"},
				"east": {"uv": [14, 1.14917, 16, 13.14917], "texture": "#0"},
				"south": {"uv": [1.10497, 1.01657, 3.10497, 13.01657], "texture": "#0"},
				"west": {"uv": [1.10497, 1.01657, 3.10497, 13.01657], "texture": "#0"},
				"up": {"uv": [0, 0, 2, 2], "texture": "#0"},
				"down": {"uv": [0, 0, 2, 2], "texture": "#0"}
			}
		},
		{
			"from": [1, 2, 7],
			"to": [3, 9, 9],
			"rotation": {"angle": 0, "axis": "y", "origin": [1, 0, 7]},
			"faces": {
				"north": {"uv": [0, 0, 2, 7], "texture": "#1"},
				"east": {"uv": [0, 0, 2, 7], "texture": "#1"},
				"south": {"uv": [0, 0, 2, 7], "texture": "#1"},
				"west": {"uv": [0, 0, 2, 7], "texture": "#1"},
				"up": {"uv": [0, 0, 2, 2], "texture": "#1"},
				"down": {"uv": [0, 0, 2, 2], "texture": "#1"}
			}
		},
		{
			"from": [13, 2, 7],
			"to": [15, 9, 9],
			"rotation": {"angle": 0, "axis": "y", "origin": [13, 0, 7]},
			"faces": {
				"north": {"uv": [0, 0, 2, 7], "texture": "#1"},
				"east": {"uv": [0, 0, 2, 7], "texture": "#1"},
				"south": {"uv": [0, 0, 2, 7], "texture": "#1"},
				"west": {"uv": [0, 0, 2, 7], "texture": "#1"},
				"up": {"uv": [0, 0, 2, 2], "texture": "#1"},
				"down": {"uv": [0, 0, 2, 2], "texture": "#1"}
			}
		},
		{
			"from": [14, 2, 14],
			"to": [16, 14, 16],
			"rotation": {"angle": 0, "axis": "y", "origin": [14, 0, 14]},
			"faces": {
				"north": {"uv": [1.10497, 1.01657, 3.10497, 13.01657], "texture": "#0"},
				"east": {"uv": [0, 1.01657, 2, 13.01657], "texture": "#0"},
				"south": {"uv": [14, 1.14917, 16, 13.14917], "texture": "#0"},
				"west": {"uv": [1.10497, 1.01657, 3.10497, 13.01657], "texture": "#0"},
				"up": {"uv": [0, 0, 2, 2], "texture": "#0"},
				"down": {"uv": [0, 0, 2, 2], "texture": "#0"}
			}
		}
	],
	"display": {
		"ground": {
			"translation": [0, 4.75, 0]
		}
	}
}