{
	"credit": "Made with Blockbench",
	"texture_size": [64, 64],
	"textures": {
		"0": "item/custom/horns",
		"2": "item/custom/helmet",
		"particle": "item/custom/horns"
	},
	"elements": [
		{
			"from": [0, 14, 1],
			"to": [16, 16, 16],
			"faces": {
				"north": {"uv": [7.5, 6, 11.5, 6.5], "texture": "#2"},
				"east": {"uv": [7.5, 7, 11.25, 7.5], "texture": "#2"},
				"south": {"uv": [7.5, 6.5, 11.5, 7], "texture": "#2"},
				"west": {"uv": [0, 9, 3.75, 9.5], "texture": "#2"},
				"up": {"uv": [4, 3.75, 0, 0], "texture": "#2"},
				"down": {"uv": [4, 3.75, 0, 7.5], "texture": "#2"}
			}
		},
		{
			"from": [0, 8, 2],
			"to": [2, 14, 16],
			"faces": {
				"north": {"uv": [2, 9.5, 2.5, 11], "texture": "#2"},
				"east": {"uv": [4, 6, 7.5, 7.5], "texture": "#2"},
				"south": {"uv": [2.5, 9.5, 3, 11], "texture": "#2"},
				"west": {"uv": [7, 0, 10.5, 1.5], "texture": "#2"},
				"up": {"uv": [4.25, 12.5, 3.75, 9], "texture": "#2"},
				"down": {"uv": [4.75, 9, 4.25, 12.5], "texture": "#2"}
			}
		},
		{
			"from": [14, 8, 2],
			"to": [16, 14, 16],
			"faces": {
				"north": {"uv": [3, 9.5, 3.5, 11], "texture": "#2"},
				"east": {"uv": [7, 1.5, 10.5, 3], "texture": "#2"},
				"south": {"uv": [6.75, 9.5, 7.25, 11], "texture": "#2"},
				"west": {"uv": [7, 3, 10.5, 4.5], "texture": "#2"},
				"up": {"uv": [5.25, 12.5, 4.75, 9], "texture": "#2"},
				"down": {"uv": [5.75, 9, 5.25, 12.5], "texture": "#2"}
			}
		},
		{
			"from": [14, 2, 4],
			"to": [16, 8, 16],
			"rotation": {"angle": 0, "axis": "y", "origin": [0, -6, 0]},
			"faces": {
				"north": {"uv": [7.25, 9.5, 7.75, 11], "texture": "#2"},
				"east": {"uv": [7, 4.5, 10, 6], "texture": "#2"},
				"south": {"uv": [7.75, 9.5, 8.25, 11], "texture": "#2"},
				"west": {"uv": [0, 7.5, 3, 9], "texture": "#2"},
				"up": {"uv": [0.5, 12.5, 0, 9.5], "texture": "#2"},
				"down": {"uv": [1, 9.5, 0.5, 12.5], "texture": "#2"}
			}
		},
		{
			"from": [0, 2, 4],
			"to": [2, 8, 16],
			"rotation": {"angle": 0, "axis": "y", "origin": [-14, -6, 0]},
			"faces": {
				"north": {"uv": [8.25, 9.5, 8.75, 11], "texture": "#2"},
				"east": {"uv": [3, 7.5, 6, 9], "texture": "#2"},
				"south": {"uv": [8.75, 9.5, 9.25, 11], "texture": "#2"},
				"west": {"uv": [6, 7.5, 9, 9], "texture": "#2"},
				"up": {"uv": [1.5, 12.5, 1, 9.5], "texture": "#2"},
				"down": {"uv": [2, 9.5, 1.5, 12.5], "texture": "#2"}
			}
		},
		{
			"from": [2, 2, 14],
			"to": [14, 14, 16],
			"faces": {
				"north": {"uv": [4, 0, 7, 3], "texture": "#2"},
				"east": {"uv": [5.75, 9, 6.25, 12], "texture": "#2"},
				"south": {"uv": [4, 3, 7, 6], "texture": "#2"},
				"west": {"uv": [6.25, 9, 6.75, 12], "texture": "#2"},
				"up": {"uv": [9.75, 9.5, 6.75, 9], "texture": "#2"},
				"down": {"uv": [12, 7.5, 9, 8], "texture": "#2"}
			}
		},
		{
			"from": [0, 11, 1],
			"to": [2, 14, 2],
			"rotation": {"angle": 0, "axis": "y", "origin": [0, 12, 0]},
			"faces": {
				"north": {"uv": [9, 8, 9.5, 8.75], "texture": "#2"},
				"east": {"uv": [3.5, 9.5, 3.75, 10.25], "texture": "#2"},
				"south": {"uv": [9.5, 8, 10, 8.75], "texture": "#2"},
				"west": {"uv": [9.75, 9.5, 10, 10.25], "texture": "#2"},
				"up": {"uv": [9.5, 9, 9, 8.75], "texture": "#2"},
				"down": {"uv": [10.5, 8, 10, 8.25], "texture": "#2"}
			}
		},
		{
			"from": [14, 11, 1],
			"to": [16, 14, 2],
			"rotation": {"angle": 0, "axis": "y", "origin": [14, 12, 0]},
			"faces": {
				"north": {"uv": [9.25, 9.5, 9.75, 10.25], "texture": "#2"},
				"east": {"uv": [10, 4.5, 10.25, 5.25], "texture": "#2"},
				"south": {"uv": [9.75, 8.75, 10.25, 9.5], "texture": "#2"},
				"west": {"uv": [10, 5.25, 10.25, 6], "texture": "#2"},
				"up": {"uv": [10.5, 8.5, 10, 8.25], "texture": "#2"},
				"down": {"uv": [10.5, 8.5, 10, 8.75], "texture": "#2"}
			}
		},
		{
			"from": [20, 24, 7],
			"to": [22, 26, 9],
			"rotation": {"angle": 0, "axis": "y", "origin": [22, 24, 7]},
			"faces": {
				"north": {"uv": [0, 0, 1, 1], "texture": "#0"},
				"east": {"uv": [0, 1, 1, 2], "texture": "#0"},
				"south": {"uv": [1, 0, 2, 1], "texture": "#0"},
				"west": {"uv": [1, 1, 2, 2], "texture": "#0"},
				"up": {"uv": [1, 3, 0, 2], "texture": "#0"},
				"down": {"uv": [3, 0, 2, 1], "texture": "#0"}
			}
		},
		{
			"from": [20, 26, 7],
			"to": [22, 28, 9],
			"rotation": {"angle": 0, "axis": "y", "origin": [22, 26, 7]},
			"faces": {
				"north": {"uv": [1, 2, 2, 3], "texture": "#0"},
				"east": {"uv": [2, 1, 3, 2], "texture": "#0"},
				"south": {"uv": [2, 2, 3, 3], "texture": "#0"},
				"west": {"uv": [0, 3, 1, 4], "texture": "#0"},
				"up": {"uv": [4, 1, 3, 0], "texture": "#0"},
				"down": {"uv": [2, 3, 1, 4], "texture": "#0"}
			}
		},
		{
			"from": [14, 16, 5],
			"to": [16, 18, 7],
			"rotation": {"angle": 0, "axis": "y", "origin": [16, 16, 5]},
			"faces": {
				"north": {"uv": [3, 1, 4, 2], "texture": "#0"},
				"east": {"uv": [2, 3, 3, 4], "texture": "#0"},
				"south": {"uv": [3, 2, 4, 3], "texture": "#0"},
				"west": {"uv": [3, 3, 4, 4], "texture": "#0"},
				"up": {"uv": [1, 5, 0, 4], "texture": "#0"},
				"down": {"uv": [5, 0, 4, 1], "texture": "#0"}
			}
		},
		{
			"from": [16, 16, 5],
			"to": [18, 18, 7],
			"rotation": {"angle": 0, "axis": "y", "origin": [18, 16, 5]},
			"faces": {
				"north": {"uv": [1, 4, 2, 5], "texture": "#0"},
				"east": {"uv": [4, 1, 5, 2], "texture": "#0"},
				"south": {"uv": [2, 4, 3, 5], "texture": "#0"},
				"west": {"uv": [4, 2, 5, 3], "texture": "#0"},
				"up": {"uv": [4, 5, 3, 4], "texture": "#0"},
				"down": {"uv": [5, 3, 4, 4], "texture": "#0"}
			}
		},
		{
			"from": [16, 14, 5],
			"to": [18, 16, 7],
			"rotation": {"angle": 0, "axis": "y", "origin": [18, 14, 5]},
			"faces": {
				"north": {"uv": [4, 4, 5, 5], "texture": "#0"},
				"east": {"uv": [0, 5, 1, 6], "texture": "#0"},
				"south": {"uv": [5, 0, 6, 1], "texture": "#0"},
				"west": {"uv": [1, 5, 2, 6], "texture": "#0"},
				"up": {"uv": [6, 2, 5, 1], "texture": "#0"},
				"down": {"uv": [3, 5, 2, 6], "texture": "#0"}
			}
		},
		{
			"from": [16, 16, 9],
			"to": [18, 18, 11],
			"rotation": {"angle": 0, "axis": "y", "origin": [18, 16, 9]},
			"faces": {
				"north": {"uv": [5, 2, 6, 3], "texture": "#0"},
				"east": {"uv": [3, 5, 4, 6], "texture": "#0"},
				"south": {"uv": [5, 3, 6, 4], "texture": "#0"},
				"west": {"uv": [4, 5, 5, 6], "texture": "#0"},
				"up": {"uv": [6, 5, 5, 4], "texture": "#0"},
				"down": {"uv": [6, 5, 5, 6], "texture": "#0"}
			}
		},
		{
			"from": [14, 16, 9],
			"to": [16, 18, 11],
			"rotation": {"angle": 0, "axis": "y", "origin": [16, 16, 9]},
			"faces": {
				"north": {"uv": [0, 6, 1, 7], "texture": "#0"},
				"east": {"uv": [6, 0, 7, 1], "texture": "#0"},
				"south": {"uv": [1, 6, 2, 7], "texture": "#0"},
				"west": {"uv": [6, 1, 7, 2], "texture": "#0"},
				"up": {"uv": [3, 7, 2, 6], "texture": "#0"},
				"down": {"uv": [7, 2, 6, 3], "texture": "#0"}
			}
		},
		{
			"from": [16, 14, 9],
			"to": [18, 16, 11],
			"rotation": {"angle": 0, "axis": "y", "origin": [18, 14, 9]},
			"faces": {
				"north": {"uv": [3, 6, 4, 7], "texture": "#0"},
				"east": {"uv": [6, 3, 7, 4], "texture": "#0"},
				"south": {"uv": [4, 6, 5, 7], "texture": "#0"},
				"west": {"uv": [6, 4, 7, 5], "texture": "#0"},
				"up": {"uv": [6, 7, 5, 6], "texture": "#0"},
				"down": {"uv": [7, 5, 6, 6], "texture": "#0"}
			}
		},
		{
			"from": [18, 18, 9],
			"to": [20, 20, 10],
			"rotation": {"angle": 0, "axis": "y", "origin": [20, 18, 9]},
			"faces": {
				"north": {"uv": [6, 6, 7, 7], "texture": "#0"},
				"east": {"uv": [7.5, 10, 8, 11], "texture": "#0"},
				"south": {"uv": [0, 7, 1, 8], "texture": "#0"},
				"west": {"uv": [10, 7.5, 10.5, 8.5], "texture": "#0"},
				"up": {"uv": [9, 10.5, 8, 10], "texture": "#0"},
				"down": {"uv": [11, 8.5, 10, 9], "texture": "#0"}
			}
		},
		{
			"from": [18, 18, 6],
			"to": [20, 20, 7],
			"rotation": {"angle": 0, "axis": "y", "origin": [20, 18, 5]},
			"faces": {
				"north": {"uv": [7, 0, 8, 1], "texture": "#0"},
				"east": {"uv": [9, 10, 9.5, 11], "texture": "#0"},
				"south": {"uv": [1, 7, 2, 8], "texture": "#0"},
				"west": {"uv": [10, 9, 10.5, 10], "texture": "#0"},
				"up": {"uv": [10.5, 10.5, 9.5, 10], "texture": "#0"},
				"down": {"uv": [7, 10.5, 6, 11], "texture": "#0"}
			}
		},
		{
			"from": [16, 16, 7],
			"to": [18, 18, 9],
			"rotation": {"angle": 0, "axis": "y", "origin": [18, 16, 7]},
			"faces": {
				"north": {"uv": [7, 1, 8, 2], "texture": "#0"},
				"east": {"uv": [2, 7, 3, 8], "texture": "#0"},
				"south": {"uv": [7, 2, 8, 3], "texture": "#0"},
				"west": {"uv": [3, 7, 4, 8], "texture": "#0"},
				"up": {"uv": [8, 4, 7, 3], "texture": "#0"},
				"down": {"uv": [5, 7, 4, 8], "texture": "#0"}
			}
		},
		{
			"from": [16, 14, 7],
			"to": [18, 16, 9],
			"rotation": {"angle": 0, "axis": "y", "origin": [18, 14, 7]},
			"faces": {
				"north": {"uv": [7, 4, 8, 5], "texture": "#0"},
				"east": {"uv": [5, 7, 6, 8], "texture": "#0"},
				"south": {"uv": [7, 5, 8, 6], "texture": "#0"},
				"west": {"uv": [6, 7, 7, 8], "texture": "#0"},
				"up": {"uv": [8, 7, 7, 6], "texture": "#0"},
				"down": {"uv": [8, 7, 7, 8], "texture": "#0"}
			}
		},
		{
			"from": [18, 16, 7],
			"to": [20, 18, 9],
			"rotation": {"angle": 0, "axis": "y", "origin": [20, 16, 7]},
			"faces": {
				"north": {"uv": [0, 8, 1, 9], "texture": "#0"},
				"east": {"uv": [8, 0, 9, 1], "texture": "#0"},
				"south": {"uv": [1, 8, 2, 9], "texture": "#0"},
				"west": {"uv": [8, 1, 9, 2], "texture": "#0"},
				"up": {"uv": [3, 9, 2, 8], "texture": "#0"},
				"down": {"uv": [9, 2, 8, 3], "texture": "#0"}
			}
		},
		{
			"from": [16, 18, 7],
			"to": [18, 20, 9],
			"rotation": {"angle": 0, "axis": "y", "origin": [18, 18, 7]},
			"faces": {
				"north": {"uv": [3, 8, 4, 9], "texture": "#0"},
				"east": {"uv": [8, 3, 9, 4], "texture": "#0"},
				"south": {"uv": [4, 8, 5, 9], "texture": "#0"},
				"west": {"uv": [8, 4, 9, 5], "texture": "#0"},
				"up": {"uv": [6, 9, 5, 8], "texture": "#0"},
				"down": {"uv": [9, 5, 8, 6], "texture": "#0"}
			}
		},
		{
			"from": [18, 18, 7],
			"to": [20, 20, 9],
			"rotation": {"angle": 0, "axis": "y", "origin": [20, 18, 7]},
			"faces": {
				"north": {"uv": [6, 8, 7, 9], "texture": "#0"},
				"east": {"uv": [8, 6, 9, 7], "texture": "#0"},
				"south": {"uv": [7, 8, 8, 9], "texture": "#0"},
				"west": {"uv": [8, 7, 9, 8], "texture": "#0"},
				"up": {"uv": [9, 9, 8, 8], "texture": "#0"},
				"down": {"uv": [1, 9, 0, 10], "texture": "#0"}
			}
		},
		{
			"from": [18, 20, 7],
			"to": [20, 22, 9],
			"rotation": {"angle": 0, "axis": "y", "origin": [20, 20, 7]},
			"faces": {
				"north": {"uv": [9, 0, 10, 1], "texture": "#0"},
				"east": {"uv": [1, 9, 2, 10], "texture": "#0"},
				"south": {"uv": [9, 1, 10, 2], "texture": "#0"},
				"west": {"uv": [2, 9, 3, 10], "texture": "#0"},
				"up": {"uv": [10, 3, 9, 2], "texture": "#0"},
				"down": {"uv": [4, 9, 3, 10], "texture": "#0"}
			}
		},
		{
			"from": [18, 22, 7],
			"to": [20, 24, 9],
			"rotation": {"angle": 0, "axis": "y", "origin": [20, 22, 7]},
			"faces": {
				"north": {"uv": [9, 3, 10, 4], "texture": "#0"},
				"east": {"uv": [4, 9, 5, 10], "texture": "#0"},
				"south": {"uv": [9, 4, 10, 5], "texture": "#0"},
				"west": {"uv": [5, 9, 6, 10], "texture": "#0"},
				"up": {"uv": [10, 6, 9, 5], "texture": "#0"},
				"down": {"uv": [7, 9, 6, 10], "texture": "#0"}
			}
		},
		{
			"from": [20, 20, 7],
			"to": [22, 22, 9],
			"rotation": {"angle": 0, "axis": "y", "origin": [22, 20, 7]},
			"faces": {
				"north": {"uv": [9, 6, 10, 7], "texture": "#0"},
				"east": {"uv": [7, 9, 8, 10], "texture": "#0"},
				"south": {"uv": [9, 7, 10, 8], "texture": "#0"},
				"west": {"uv": [8, 9, 9, 10], "texture": "#0"},
				"up": {"uv": [10, 9, 9, 8], "texture": "#0"},
				"down": {"uv": [10, 9, 9, 10], "texture": "#0"}
			}
		},
		{
			"from": [20, 22, 7],
			"to": [22, 24, 9],
			"rotation": {"angle": 0, "axis": "y", "origin": [22, 22, 7]},
			"faces": {
				"north": {"uv": [0, 10, 1, 11], "texture": "#0"},
				"east": {"uv": [10, 0, 11, 1], "texture": "#0"},
				"south": {"uv": [1, 10, 2, 11], "texture": "#0"},
				"west": {"uv": [10, 1, 11, 2], "texture": "#0"},
				"up": {"uv": [3, 11, 2, 10], "texture": "#0"},
				"down": {"uv": [11, 2, 10, 3], "texture": "#0"}
			}
		},
		{
			"from": [14, 16, 7],
			"to": [16, 18, 9],
			"rotation": {"angle": 0, "axis": "y", "origin": [16, 16, 7]},
			"faces": {
				"north": {"uv": [3, 10, 4, 11], "texture": "#0"},
				"east": {"uv": [10, 3, 11, 4], "texture": "#0"},
				"south": {"uv": [4, 10, 5, 11], "texture": "#0"},
				"west": {"uv": [10, 4, 11, 5], "texture": "#0"},
				"up": {"uv": [6, 11, 5, 10], "texture": "#0"},
				"down": {"uv": [11, 5, 10, 6], "texture": "#0"}
			}
		},
		{
			"from": [17, 18, 6],
			"to": [18, 19, 7],
			"rotation": {"angle": 0, "axis": "y", "origin": [18, 18, 5]},
			"faces": {
				"north": {"uv": [9.5, 10.5, 10, 11], "texture": "#0"},
				"east": {"uv": [10.5, 9.5, 11, 10], "texture": "#0"},
				"south": {"uv": [10, 10.5, 10.5, 11], "texture": "#0"},
				"west": {"uv": [10.5, 10, 11, 10.5], "texture": "#0"},
				"up": {"uv": [11, 11, 10.5, 10.5], "texture": "#0"},
				"down": {"uv": [0.5, 11, 0, 11.5], "texture": "#0"}
			}
		},
		{
			"from": [18, 17, 6],
			"to": [19, 18, 7],
			"rotation": {"angle": 0, "axis": "y", "origin": [19, 17, 5]},
			"faces": {
				"north": {"uv": [11, 0, 11.5, 0.5], "texture": "#0"},
				"east": {"uv": [0.5, 11, 1, 11.5], "texture": "#0"},
				"south": {"uv": [11, 0.5, 11.5, 1], "texture": "#0"},
				"west": {"uv": [1, 11, 1.5, 11.5], "texture": "#0"},
				"up": {"uv": [11.5, 1.5, 11, 1], "texture": "#0"},
				"down": {"uv": [2, 11, 1.5, 11.5], "texture": "#0"}
			}
		},
		{
			"from": [18, 17, 9],
			"to": [19, 18, 10],
			"rotation": {"angle": 0, "axis": "y", "origin": [19, 17, 8]},
			"faces": {
				"north": {"uv": [11, 1.5, 11.5, 2], "texture": "#0"},
				"east": {"uv": [2, 11, 2.5, 11.5], "texture": "#0"},
				"south": {"uv": [11, 2, 11.5, 2.5], "texture": "#0"},
				"west": {"uv": [2.5, 11, 3, 11.5], "texture": "#0"},
				"up": {"uv": [11.5, 3, 11, 2.5], "texture": "#0"},
				"down": {"uv": [3.5, 11, 3, 11.5], "texture": "#0"}
			}
		},
		{
			"from": [17, 18, 9],
			"to": [18, 19, 10],
			"rotation": {"angle": 0, "axis": "y", "origin": [18, 18, 8]},
			"faces": {
				"north": {"uv": [11, 3, 11.5, 3.5], "texture": "#0"},
				"east": {"uv": [3.5, 11, 4, 11.5], "texture": "#0"},
				"south": {"uv": [11, 3.5, 11.5, 4], "texture": "#0"},
				"west": {"uv": [4, 11, 4.5, 11.5], "texture": "#0"},
				"up": {"uv": [11.5, 4.5, 11, 4], "texture": "#0"},
				"down": {"uv": [5, 11, 4.5, 11.5], "texture": "#0"}
			}
		},
		{
			"from": [17, 20, 7],
			"to": [18, 21, 9],
			"rotation": {"angle": 0, "axis": "y", "origin": [18, 20, 7]},
			"faces": {
				"north": {"uv": [8.5, 10.5, 9, 11], "texture": "#0"},
				"east": {"uv": [6, 10, 7, 10.5], "texture": "#0"},
				"south": {"uv": [10.5, 9, 11, 9.5], "texture": "#0"},
				"west": {"uv": [10, 6, 11, 6.5], "texture": "#0"},
				"up": {"uv": [10.5, 7.5, 10, 6.5], "texture": "#0"},
				"down": {"uv": [7.5, 10, 7, 11], "texture": "#0"}
			}
		},
		{
			"from": [20, 19, 7],
			"to": [21, 20, 9],
			"rotation": {"angle": 0, "axis": "y", "origin": [21, 19, 7]},
			"faces": {
				"north": {"uv": [11, 4.5, 11.5, 5], "texture": "#0"},
				"east": {"uv": [10.5, 6.5, 11.5, 7], "texture": "#0"},
				"south": {"uv": [5, 11, 5.5, 11.5], "texture": "#0"},
				"west": {"uv": [10.5, 7, 11.5, 7.5], "texture": "#0"},
				"up": {"uv": [11, 8.5, 10.5, 7.5], "texture": "#0"},
				"down": {"uv": [8.5, 10.5, 8, 11.5], "texture": "#0"}
			}
		},
		{
			"from": [-6, 24, 7],
			"to": [-4, 26, 9],
			"rotation": {"angle": 0, "axis": "y", "origin": [-6, 24, 7]},
			"faces": {
				"north": {"uv": [1, 0, 0, 1], "texture": "#0"},
				"east": {"uv": [2, 1, 1, 2], "texture": "#0"},
				"south": {"uv": [2, 0, 1, 1], "texture": "#0"},
				"west": {"uv": [1, 1, 0, 2], "texture": "#0"},
				"up": {"uv": [0, 3, 1, 2], "texture": "#0"},
				"down": {"uv": [2, 0, 3, 1], "texture": "#0"}
			}
		},
		{
			"from": [-6, 26, 7],
			"to": [-4, 28, 9],
			"rotation": {"angle": 0, "axis": "y", "origin": [-6, 26, 7]},
			"faces": {
				"north": {"uv": [2, 2, 1, 3], "texture": "#0"},
				"east": {"uv": [1, 3, 0, 4], "texture": "#0"},
				"south": {"uv": [3, 2, 2, 3], "texture": "#0"},
				"west": {"uv": [3, 1, 2, 2], "texture": "#0"},
				"up": {"uv": [3, 1, 4, 0], "texture": "#0"},
				"down": {"uv": [1, 3, 2, 4], "texture": "#0"}
			}
		},
		{
			"from": [0, 16, 5],
			"to": [2, 18, 7],
			"rotation": {"angle": 0, "axis": "y", "origin": [0, 16, 5]},
			"faces": {
				"north": {"uv": [4, 1, 3, 2], "texture": "#0"},
				"east": {"uv": [4, 3, 3, 4], "texture": "#0"},
				"south": {"uv": [4, 2, 3, 3], "texture": "#0"},
				"west": {"uv": [3, 3, 2, 4], "texture": "#0"},
				"up": {"uv": [0, 5, 1, 4], "texture": "#0"},
				"down": {"uv": [4, 0, 5, 1], "texture": "#0"}
			}
		},
		{
			"from": [-2, 16, 5],
			"to": [0, 18, 7],
			"rotation": {"angle": 0, "axis": "y", "origin": [-2, 16, 5]},
			"faces": {
				"north": {"uv": [2, 4, 1, 5], "texture": "#0"},
				"east": {"uv": [5, 2, 4, 3], "texture": "#0"},
				"south": {"uv": [3, 4, 2, 5], "texture": "#0"},
				"west": {"uv": [5, 1, 4, 2], "texture": "#0"},
				"up": {"uv": [3, 5, 4, 4], "texture": "#0"},
				"down": {"uv": [4, 3, 5, 4], "texture": "#0"}
			}
		},
		{
			"from": [-2, 14, 5],
			"to": [0, 16, 7],
			"rotation": {"angle": 0, "axis": "y", "origin": [-2, 14, 5]},
			"faces": {
				"north": {"uv": [5, 4, 4, 5], "texture": "#0"},
				"east": {"uv": [2, 5, 1, 6], "texture": "#0"},
				"south": {"uv": [6, 0, 5, 1], "texture": "#0"},
				"west": {"uv": [1, 5, 0, 6], "texture": "#0"},
				"up": {"uv": [5, 2, 6, 1], "texture": "#0"},
				"down": {"uv": [2, 5, 3, 6], "texture": "#0"}
			}
		},
		{
			"from": [-2, 16, 9],
			"to": [0, 18, 11],
			"rotation": {"angle": 0, "axis": "y", "origin": [-2, 16, 9]},
			"faces": {
				"north": {"uv": [6, 2, 5, 3], "texture": "#0"},
				"east": {"uv": [5, 5, 4, 6], "texture": "#0"},
				"south": {"uv": [6, 3, 5, 4], "texture": "#0"},
				"west": {"uv": [4, 5, 3, 6], "texture": "#0"},
				"up": {"uv": [5, 5, 6, 4], "texture": "#0"},
				"down": {"uv": [5, 5, 6, 6], "texture": "#0"}
			}
		},
		{
			"from": [0, 16, 9],
			"to": [2, 18, 11],
			"rotation": {"angle": 0, "axis": "y", "origin": [0, 16, 9]},
			"faces": {
				"north": {"uv": [1, 6, 0, 7], "texture": "#0"},
				"east": {"uv": [7, 1, 6, 2], "texture": "#0"},
				"south": {"uv": [2, 6, 1, 7], "texture": "#0"},
				"west": {"uv": [7, 0, 6, 1], "texture": "#0"},
				"up": {"uv": [2, 7, 3, 6], "texture": "#0"},
				"down": {"uv": [6, 2, 7, 3], "texture": "#0"}
			}
		},
		{
			"from": [-2, 14, 9],
			"to": [0, 16, 11],
			"rotation": {"angle": 0, "axis": "y", "origin": [-2, 14, 9]},
			"faces": {
				"north": {"uv": [4, 6, 3, 7], "texture": "#0"},
				"east": {"uv": [7, 4, 6, 5], "texture": "#0"},
				"south": {"uv": [5, 6, 4, 7], "texture": "#0"},
				"west": {"uv": [7, 3, 6, 4], "texture": "#0"},
				"up": {"uv": [5, 7, 6, 6], "texture": "#0"},
				"down": {"uv": [6, 5, 7, 6], "texture": "#0"}
			}
		},
		{
			"from": [-4, 18, 9],
			"to": [-2, 20, 10],
			"rotation": {"angle": 0, "axis": "y", "origin": [-4, 18, 9]},
			"faces": {
				"north": {"uv": [7, 6, 6, 7], "texture": "#0"},
				"east": {"uv": [10.5, 7.5, 10, 8.5], "texture": "#0"},
				"south": {"uv": [1, 7, 0, 8], "texture": "#0"},
				"west": {"uv": [8, 10, 7.5, 11], "texture": "#0"},
				"up": {"uv": [8, 10.5, 9, 10], "texture": "#0"},
				"down": {"uv": [10, 8.5, 11, 9], "texture": "#0"}
			}
		},
		{
			"from": [-4, 18, 6],
			"to": [-2, 20, 7],
			"rotation": {"angle": 0, "axis": "y", "origin": [-4, 18, 5]},
			"faces": {
				"north": {"uv": [8, 0, 7, 1], "texture": "#0"},
				"east": {"uv": [10.5, 9, 10, 10], "texture": "#0"},
				"south": {"uv": [2, 7, 1, 8], "texture": "#0"},
				"west": {"uv": [9.5, 10, 9, 11], "texture": "#0"},
				"up": {"uv": [9.5, 10.5, 10.5, 10], "texture": "#0"},
				"down": {"uv": [6, 10.5, 7, 11], "texture": "#0"}
			}
		},
		{
			"from": [-2, 16, 7],
			"to": [0, 18, 9],
			"rotation": {"angle": 0, "axis": "y", "origin": [-2, 16, 7]},
			"faces": {
				"north": {"uv": [8, 1, 7, 2], "texture": "#0"},
				"east": {"uv": [4, 7, 3, 8], "texture": "#0"},
				"south": {"uv": [8, 2, 7, 3], "texture": "#0"},
				"west": {"uv": [3, 7, 2, 8], "texture": "#0"},
				"up": {"uv": [7, 4, 8, 3], "texture": "#0"},
				"down": {"uv": [4, 7, 5, 8], "texture": "#0"}
			}
		},
		{
			"from": [-2, 14, 7],
			"to": [0, 16, 9],
			"rotation": {"angle": 0, "axis": "y", "origin": [-2, 14, 7]},
			"faces": {
				"north": {"uv": [8, 4, 7, 5], "texture": "#0"},
				"east": {"uv": [7, 7, 6, 8], "texture": "#0"},
				"south": {"uv": [8, 5, 7, 6], "texture": "#0"},
				"west": {"uv": [6, 7, 5, 8], "texture": "#0"},
				"up": {"uv": [7, 7, 8, 6], "texture": "#0"},
				"down": {"uv": [7, 7, 8, 8], "texture": "#0"}
			}
		},
		{
			"from": [-4, 16, 7],
			"to": [-2, 18, 9],
			"rotation": {"angle": 0, "axis": "y", "origin": [-4, 16, 7]},
			"faces": {
				"north": {"uv": [1, 8, 0, 9], "texture": "#0"},
				"east": {"uv": [9, 1, 8, 2], "texture": "#0"},
				"south": {"uv": [2, 8, 1, 9], "texture": "#0"},
				"west": {"uv": [9, 0, 8, 1], "texture": "#0"},
				"up": {"uv": [2, 9, 3, 8], "texture": "#0"},
				"down": {"uv": [8, 2, 9, 3], "texture": "#0"}
			}
		},
		{
			"from": [-2, 18, 7],
			"to": [0, 20, 9],
			"rotation": {"angle": 0, "axis": "y", "origin": [-2, 18, 7]},
			"faces": {
				"north": {"uv": [4, 8, 3, 9], "texture": "#0"},
				"east": {"uv": [9, 4, 8, 5], "texture": "#0"},
				"south": {"uv": [5, 8, 4, 9], "texture": "#0"},
				"west": {"uv": [9, 3, 8, 4], "texture": "#0"},
				"up": {"uv": [5, 9, 6, 8], "texture": "#0"},
				"down": {"uv": [8, 5, 9, 6], "texture": "#0"}
			}
		},
		{
			"from": [-4, 18, 7],
			"to": [-2, 20, 9],
			"rotation": {"angle": 0, "axis": "y", "origin": [-4, 18, 7]},
			"faces": {
				"north": {"uv": [7, 8, 6, 9], "texture": "#0"},
				"east": {"uv": [9, 7, 8, 8], "texture": "#0"},
				"south": {"uv": [8, 8, 7, 9], "texture": "#0"},
				"west": {"uv": [9, 6, 8, 7], "texture": "#0"},
				"up": {"uv": [8, 9, 9, 8], "texture": "#0"},
				"down": {"uv": [0, 9, 1, 10], "texture": "#0"}
			}
		},
		{
			"from": [-4, 20, 7],
			"to": [-2, 22, 9],
			"rotation": {"angle": 0, "axis": "y", "origin": [-4, 20, 7]},
			"faces": {
				"north": {"uv": [10, 0, 9, 1], "texture": "#0"},
				"east": {"uv": [3, 9, 2, 10], "texture": "#0"},
				"south": {"uv": [10, 1, 9, 2], "texture": "#0"},
				"west": {"uv": [2, 9, 1, 10], "texture": "#0"},
				"up": {"uv": [9, 3, 10, 2], "texture": "#0"},
				"down": {"uv": [3, 9, 4, 10], "texture": "#0"}
			}
		},
		{
			"from": [-4, 22, 7],
			"to": [-2, 24, 9],
			"rotation": {"angle": 0, "axis": "y", "origin": [-4, 22, 7]},
			"faces": {
				"north": {"uv": [10, 3, 9, 4], "texture": "#0"},
				"east": {"uv": [6, 9, 5, 10], "texture": "#0"},
				"south": {"uv": [10, 4, 9, 5], "texture": "#0"},
				"west": {"uv": [5, 9, 4, 10], "texture": "#0"},
				"up": {"uv": [9, 6, 10, 5], "texture": "#0"},
				"down": {"uv": [6, 9, 7, 10], "texture": "#0"}
			}
		},
		{
			"from": [-6, 20, 7],
			"to": [-4, 22, 9],
			"rotation": {"angle": 0, "axis": "y", "origin": [-6, 20, 7]},
			"faces": {
				"north": {"uv": [10, 6, 9, 7], "texture": "#0"},
				"east": {"uv": [9, 9, 8, 10], "texture": "#0"},
				"south": {"uv": [10, 7, 9, 8], "texture": "#0"},
				"west": {"uv": [8, 9, 7, 10], "texture": "#0"},
				"up": {"uv": [9, 9, 10, 8], "texture": "#0"},
				"down": {"uv": [9, 9, 10, 10], "texture": "#0"}
			}
		},
		{
			"from": [-6, 22, 7],
			"to": [-4, 24, 9],
			"rotation": {"angle": 0, "axis": "y", "origin": [-6, 22, 7]},
			"faces": {
				"north": {"uv": [1, 10, 0, 11], "texture": "#0"},
				"east": {"uv": [11, 1, 10, 2], "texture": "#0"},
				"south": {"uv": [2, 10, 1, 11], "texture": "#0"},
				"west": {"uv": [11, 0, 10, 1], "texture": "#0"},
				"up": {"uv": [2, 11, 3, 10], "texture": "#0"},
				"down": {"uv": [10, 2, 11, 3], "texture": "#0"}
			}
		},
		{
			"from": [0, 16, 7],
			"to": [2, 18, 9],
			"rotation": {"angle": 0, "axis": "y", "origin": [0, 16, 7]},
			"faces": {
				"north": {"uv": [4, 10, 3, 11], "texture": "#0"},
				"east": {"uv": [11, 4, 10, 5], "texture": "#0"},
				"south": {"uv": [5, 10, 4, 11], "texture": "#0"},
				"west": {"uv": [11, 3, 10, 4], "texture": "#0"},
				"up": {"uv": [5, 11, 6, 10], "texture": "#0"},
				"down": {"uv": [10, 5, 11, 6], "texture": "#0"}
			}
		},
		{
			"from": [-2, 18, 6],
			"to": [-1, 19, 7],
			"rotation": {"angle": 0, "axis": "y", "origin": [-2, 18, 5]},
			"faces": {
				"north": {"uv": [10, 10.5, 9.5, 11], "texture": "#0"},
				"east": {"uv": [11, 10, 10.5, 10.5], "texture": "#0"},
				"south": {"uv": [10.5, 10.5, 10, 11], "texture": "#0"},
				"west": {"uv": [11, 9.5, 10.5, 10], "texture": "#0"},
				"up": {"uv": [10.5, 11, 11, 10.5], "texture": "#0"},
				"down": {"uv": [0, 11, 0.5, 11.5], "texture": "#0"}
			}
		},
		{
			"from": [-3, 17, 6],
			"to": [-2, 18, 7],
			"rotation": {"angle": 0, "axis": "y", "origin": [-3, 17, 5]},
			"faces": {
				"north": {"uv": [11.5, 0, 11, 0.5], "texture": "#0"},
				"east": {"uv": [1.5, 11, 1, 11.5], "texture": "#0"},
				"south": {"uv": [11.5, 0.5, 11, 1], "texture": "#0"},
				"west": {"uv": [1, 11, 0.5, 11.5], "texture": "#0"},
				"up": {"uv": [11, 1.5, 11.5, 1], "texture": "#0"},
				"down": {"uv": [1.5, 11, 2, 11.5], "texture": "#0"}
			}
		},
		{
			"from": [-3, 17, 9],
			"to": [-2, 18, 10],
			"rotation": {"angle": 0, "axis": "y", "origin": [-3, 17, 8]},
			"faces": {
				"north": {"uv": [11.5, 1.5, 11, 2], "texture": "#0"},
				"east": {"uv": [3, 11, 2.5, 11.5], "texture": "#0"},
				"south": {"uv": [11.5, 2, 11, 2.5], "texture": "#0"},
				"west": {"uv": [2.5, 11, 2, 11.5], "texture": "#0"},
				"up": {"uv": [11, 3, 11.5, 2.5], "texture": "#0"},
				"down": {"uv": [3, 11, 3.5, 11.5], "texture": "#0"}
			}
		},
		{
			"from": [-2, 18, 9],
			"to": [-1, 19, 10],
			"rotation": {"angle": 0, "axis": "y", "origin": [-2, 18, 8]},
			"faces": {
				"north": {"uv": [11.5, 3, 11, 3.5], "texture": "#0"},
				"east": {"uv": [4.5, 11, 4, 11.5], "texture": "#0"},
				"south": {"uv": [11.5, 3.5, 11, 4], "texture": "#0"},
				"west": {"uv": [4, 11, 3.5, 11.5], "texture": "#0"},
				"up": {"uv": [11, 4.5, 11.5, 4], "texture": "#0"},
				"down": {"uv": [4.5, 11, 5, 11.5], "texture": "#0"}
			}
		},
		{
			"from": [-2, 20, 7],
			"to": [-1, 21, 9],
			"rotation": {"angle": 0, "axis": "y", "origin": [-2, 20, 7]},
			"faces": {
				"north": {"uv": [9, 10.5, 8.5, 11], "texture": "#0"},
				"east": {"uv": [11, 6, 10, 6.5], "texture": "#0"},
				"south": {"uv": [11, 9, 10.5, 9.5], "texture": "#0"},
				"west": {"uv": [7, 10, 6, 10.5], "texture": "#0"},
				"up": {"uv": [10, 7.5, 10.5, 6.5], "texture": "#0"},
				"down": {"uv": [7, 10, 7.5, 11], "texture": "#0"}
			}
		},
		{
			"from": [-5, 19, 7],
			"to": [-4, 20, 9],
			"rotation": {"angle": 0, "axis": "y", "origin": [-5, 19, 7]},
			"faces": {
				"north": {"uv": [11.5, 4.5, 11, 5], "texture": "#0"},
				"east": {"uv": [11.5, 7, 10.5, 7.5], "texture": "#0"},
				"south": {"uv": [5.5, 11, 5, 11.5], "texture": "#0"},
				"west": {"uv": [11.5, 6.5, 10.5, 7], "texture": "#0"},
				"up": {"uv": [10.5, 8.5, 11, 7.5], "texture": "#0"},
				"down": {"uv": [8, 10.5, 8.5, 11.5], "texture": "#0"}
			}
		}
	],
	"display": {},
	"groups": [
		{
			"name": "Helmet",
			"origin": [0, 0, 0],
			"color": 0,
			"children": [0, 1, 2, 3, 4, 5, 6, 7]
		},
		{
			"name": "Horn Right",
			"origin": [-6, 24, 7],
			"color": 0,
			"children": [8, 9, 10, 11, 12, 13, 14, 15, 16, 17, 18, 19, 20, 21, 22, 23, 24, 25, 26, 27, 28, 29, 30, 31, 32, 33]
		},
		{
			"name": "Horn Right",
			"origin": [-6, 24, 7],
			"color": 0,
			"children": [34, 35, 36, 37, 38, 39, 40, 41, 42, 43, 44, 45, 46, 47, 48, 49, 50, 51, 52, 53, 54, 55, 56, 57, 58, 59]
		}
	]
}