{
	"credit": "Made with Blockbench",
	"textures": {
		"1": "item/custom/wood2",
		"2": "item/custom/lightning",
		"3": "item/custom/handle",
		"particle": "item/custom/lightning"
	},
	"elements": [
		{
			"from": [7.1, 0, 8],
			"to": [8.9, 1.8, 9.8],
			"rotation": {"angle": -45, "axis": "x", "origin": [6.1, 0, 8]},
			"faces": {
				"north": {"uv": [2, 4, 4, 6], "texture": "#3"},
				"east": {"uv": [4, 2, 6, 4], "texture": "#3"},
				"south": {"uv": [4, 4, 6, 6], "texture": "#3"},
				"west": {"uv": [0, 6, 2, 8], "texture": "#3"},
				"up": {"uv": [8, 2, 6, 0], "texture": "#3"},
				"down": {"uv": [4, 6, 2, 8], "texture": "#3"}
			}
		},
		{
			"from": [7.1, 22.1, 7.1],
			"to": [8.9, 24.9, 9.9],
			"rotation": {"angle": -45, "axis": "x", "origin": [6.1, 23, 8]},
			"faces": {
				"north": {"uv": [0, 9, 0.90625, 10.40625], "texture": "#2"},
				"east": {"uv": [7.5, 0, 8.90625, 1.40625], "texture": "#2"},
				"south": {"uv": [9, 0, 9.90625, 1.40625], "texture": "#2"},
				"west": {"uv": [1.5, 7.5, 2.90625, 8.90625], "texture": "#2"},
				"up": {"uv": [1.90625, 10.40625, 1, 9], "texture": "#2"},
				"down": {"uv": [9.90625, 1.5, 9, 2.90625], "texture": "#2"}
			}
		},
		{
			"from": [7.3, 21, 7],
			"to": [8.7, 24, 10],
			"rotation": {"angle": -45, "axis": "x", "origin": [6.1, 22, 8]},
			"faces": {
				"north": {"uv": [9, 10.5, 9.6875, 12], "texture": "#2"},
				"east": {"uv": [0, 0, 1.5, 1.5], "texture": "#2"},
				"south": {"uv": [10, 10.5, 10.6875, 12], "texture": "#2"},
				"west": {"uv": [0, 1.5, 1.5, 3], "texture": "#2"},
				"up": {"uv": [11.6875, 1.5, 11, 0], "texture": "#2"},
				"down": {"uv": [11.6875, 1.5, 11, 3], "texture": "#2"}
			}
		},
		{
			"from": [7.3, 19, 7],
			"to": [8.7, 22, 10],
			"rotation": {"angle": -45, "axis": "x", "origin": [6.1, 20, 8]},
			"faces": {
				"north": {"uv": [11, 3, 11.6875, 4.5], "texture": "#2"},
				"east": {"uv": [1.5, 0, 3, 1.5], "texture": "#2"},
				"south": {"uv": [11, 4.5, 11.6875, 6], "texture": "#2"},
				"west": {"uv": [1.5, 1.5, 3, 3], "texture": "#2"},
				"up": {"uv": [11.6875, 10.5, 11, 9], "texture": "#2"},
				"down": {"uv": [11.6875, 10.5, 11, 12], "texture": "#2"}
			}
		},
		{
			"from": [7.3, 17, 7],
			"to": [8.7, 20, 10],
			"rotation": {"angle": -45, "axis": "x", "origin": [6.1, 18, 8]},
			"faces": {
				"north": {"uv": [11.5, 6, 12.1875, 7.5], "texture": "#2"},
				"east": {"uv": [0, 3, 1.5, 4.5], "texture": "#2"},
				"south": {"uv": [11.5, 7.5, 12.1875, 9], "texture": "#2"},
				"west": {"uv": [3, 0, 4.5, 1.5], "texture": "#2"},
				"up": {"uv": [0.6875, 13.5, 0, 12], "texture": "#2"},
				"down": {"uv": [12.6875, 0, 12, 1.5], "texture": "#2"}
			}
		},
		{
			"from": [7.3, 15, 7],
			"to": [8.7, 18, 10],
			"rotation": {"angle": -45, "axis": "x", "origin": [6.1, 16, 8]},
			"faces": {
				"north": {"uv": [1, 12, 1.6875, 13.5], "texture": "#2"},
				"east": {"uv": [1.5, 3, 3, 4.5], "texture": "#2"},
				"south": {"uv": [12, 1.5, 12.6875, 3], "texture": "#2"},
				"west": {"uv": [3, 1.5, 4.5, 3], "texture": "#2"},
				"up": {"uv": [2.6875, 13.5, 2, 12], "texture": "#2"},
				"down": {"uv": [3.6875, 12, 3, 13.5], "texture": "#2"}
			}
		},
		{
			"from": [7.3, 13, 7],
			"to": [8.7, 16, 10],
			"rotation": {"angle": -45, "axis": "x", "origin": [6.1, 14, 8]},
			"faces": {
				"north": {"uv": [12, 3, 12.6875, 4.5], "texture": "#2"},
				"east": {"uv": [3, 3, 4.5, 4.5], "texture": "#2"},
				"south": {"uv": [4, 12, 4.6875, 13.5], "texture": "#2"},
				"west": {"uv": [0, 4.5, 1.5, 6], "texture": "#2"},
				"up": {"uv": [12.6875, 6, 12, 4.5], "texture": "#2"},
				"down": {"uv": [5.6875, 12, 5, 13.5], "texture": "#2"}
			}
		},
		{
			"from": [7.3, 11, 7],
			"to": [8.7, 14, 10],
			"rotation": {"angle": -45, "axis": "x", "origin": [6.1, 12, 8]},
			"faces": {
				"north": {"uv": [6, 12, 6.6875, 13.5], "texture": "#2"},
				"east": {"uv": [4.5, 0, 6, 1.5], "texture": "#2"},
				"south": {"uv": [7, 12, 7.6875, 13.5], "texture": "#2"},
				"west": {"uv": [1.5, 4.5, 3, 6], "texture": "#2"},
				"up": {"uv": [8.6875, 13.5, 8, 12], "texture": "#2"},
				"down": {"uv": [9.6875, 12, 9, 13.5], "texture": "#2"}
			}
		},
		{
			"from": [7.3, 9, 7],
			"to": [8.7, 12, 10],
			"rotation": {"angle": -45, "axis": "x", "origin": [6.1, 10, 8]},
			"faces": {
				"north": {"uv": [12, 9, 12.6875, 10.5], "texture": "#2"},
				"east": {"uv": [4.5, 1.5, 6, 3], "texture": "#2"},
				"south": {"uv": [10, 12, 10.6875, 13.5], "texture": "#2"},
				"west": {"uv": [3, 4.5, 4.5, 6], "texture": "#2"},
				"up": {"uv": [12.6875, 12, 12, 10.5], "texture": "#2"},
				"down": {"uv": [11.6875, 12, 11, 13.5], "texture": "#2"}
			}
		},
		{
			"from": [7.3, 7, 7],
			"to": [8.7, 10, 10],
			"rotation": {"angle": -45, "axis": "x", "origin": [6.1, 8, 8]},
			"faces": {
				"north": {"uv": [12, 12, 12.6875, 13.5], "texture": "#2"},
				"east": {"uv": [4.5, 3, 6, 4.5], "texture": "#2"},
				"south": {"uv": [12.5, 6, 13.1875, 7.5], "texture": "#2"},
				"west": {"uv": [4.5, 4.5, 6, 6], "texture": "#2"},
				"up": {"uv": [13.1875, 9, 12.5, 7.5], "texture": "#2"},
				"down": {"uv": [13.6875, 0, 13, 1.5], "texture": "#2"}
			}
		},
		{
			"from": [7.2, 20, 7],
			"to": [8.8, 23, 10],
			"rotation": {"angle": -45, "axis": "x", "origin": [6.2, 21, 8]},
			"faces": {
				"north": {"uv": [10, 0, 10.8125, 1.5], "texture": "#2"},
				"east": {"uv": [0, 6, 1.5, 7.5], "texture": "#2"},
				"south": {"uv": [10, 1.5, 10.8125, 3], "texture": "#2"},
				"west": {"uv": [6, 0, 7.5, 1.5], "texture": "#2"},
				"up": {"uv": [10.8125, 4.5, 10, 3], "texture": "#2"},
				"down": {"uv": [10.8125, 4.5, 10, 6], "texture": "#2"}
			}
		},
		{
			"from": [7.1, 18.1, 7.1],
			"to": [8.9, 20.9, 9.9],
			"rotation": {"angle": -45, "axis": "x", "origin": [6.1, 19, 8]},
			"faces": {
				"north": {"uv": [7.5, 6, 8.40625, 7.40625], "texture": "#2"},
				"east": {"uv": [6, 6, 7.40625, 7.40625], "texture": "#2"},
				"south": {"uv": [7.5, 7.5, 8.40625, 8.90625], "texture": "#2"},
				"west": {"uv": [0, 7.5, 1.40625, 8.90625], "texture": "#2"},
				"up": {"uv": [9.40625, 7.40625, 8.5, 6], "texture": "#2"},
				"down": {"uv": [9.40625, 7.5, 8.5, 8.90625], "texture": "#2"}
			}
		},
		{
			"from": [7.2, 16, 7],
			"to": [8.8, 19, 10],
			"rotation": {"angle": -45, "axis": "x", "origin": [6.2, 17, 8]},
			"faces": {
				"north": {"uv": [10, 9, 10.8125, 10.5], "texture": "#2"},
				"east": {"uv": [1.5, 6, 3, 7.5], "texture": "#2"},
				"south": {"uv": [0, 10.5, 0.8125, 12], "texture": "#2"},
				"west": {"uv": [6, 1.5, 7.5, 3], "texture": "#2"},
				"up": {"uv": [1.8125, 12, 1, 10.5], "texture": "#2"},
				"down": {"uv": [2.8125, 10.5, 2, 12], "texture": "#2"}
			}
		},
		{
			"from": [7.1, 14.1, 7.1],
			"to": [8.9, 16.9, 9.9],
			"rotation": {"angle": -45, "axis": "x", "origin": [6.1, 15, 8]},
			"faces": {
				"north": {"uv": [2, 9, 2.90625, 10.40625], "texture": "#2"},
				"east": {"uv": [7.5, 1.5, 8.90625, 2.90625], "texture": "#2"},
				"south": {"uv": [3, 9, 3.90625, 10.40625], "texture": "#2"},
				"west": {"uv": [3, 7.5, 4.40625, 8.90625], "texture": "#2"},
				"up": {"uv": [9.90625, 4.40625, 9, 3], "texture": "#2"},
				"down": {"uv": [4.90625, 9, 4, 10.40625], "texture": "#2"}
			}
		},
		{
			"from": [7.2, 12, 7],
			"to": [8.8, 15, 10],
			"rotation": {"angle": -45, "axis": "x", "origin": [6.2, 13, 8]},
			"faces": {
				"north": {"uv": [3, 10.5, 3.8125, 12], "texture": "#2"},
				"east": {"uv": [3, 6, 4.5, 7.5], "texture": "#2"},
				"south": {"uv": [4, 10.5, 4.8125, 12], "texture": "#2"},
				"west": {"uv": [6, 3, 7.5, 4.5], "texture": "#2"},
				"up": {"uv": [5.8125, 12, 5, 10.5], "texture": "#2"},
				"down": {"uv": [6.8125, 10.5, 6, 12], "texture": "#2"}
			}
		},
		{
			"from": [7.1, 10.1, 7.1],
			"to": [8.9, 12.9, 9.9],
			"rotation": {"angle": -45, "axis": "x", "origin": [6.1, 11, 8]},
			"faces": {
				"north": {"uv": [9, 4.5, 9.90625, 5.90625], "texture": "#2"},
				"east": {"uv": [7.5, 3, 8.90625, 4.40625], "texture": "#2"},
				"south": {"uv": [5, 9, 5.90625, 10.40625], "texture": "#2"},
				"west": {"uv": [4.5, 7.5, 5.90625, 8.90625], "texture": "#2"},
				"up": {"uv": [6.90625, 10.40625, 6, 9], "texture": "#2"},
				"down": {"uv": [7.90625, 9, 7, 10.40625], "texture": "#2"}
			}
		},
		{
			"from": [7.1, 6.1, 7.1],
			"to": [8.9, 8.9, 9.9],
			"rotation": {"angle": -45, "axis": "x", "origin": [6.1, 7, 8]},
			"faces": {
				"north": {"uv": [8, 9, 8.90625, 10.40625], "texture": "#2"},
				"east": {"uv": [7.5, 4.5, 8.90625, 5.90625], "texture": "#2"},
				"south": {"uv": [9, 9, 9.90625, 10.40625], "texture": "#2"},
				"west": {"uv": [6, 7.5, 7.40625, 8.90625], "texture": "#2"},
				"up": {"uv": [10.40625, 7.40625, 9.5, 6], "texture": "#2"},
				"down": {"uv": [10.40625, 7.5, 9.5, 8.90625], "texture": "#2"}
			}
		},
		{
			"from": [7.2, 8, 7],
			"to": [8.8, 11, 10],
			"rotation": {"angle": -45, "axis": "x", "origin": [6.2, 9, 8]},
			"faces": {
				"north": {"uv": [10.5, 6, 11.3125, 7.5], "texture": "#2"},
				"east": {"uv": [4.5, 6, 6, 7.5], "texture": "#2"},
				"south": {"uv": [7, 10.5, 7.8125, 12], "texture": "#2"},
				"west": {"uv": [6, 4.5, 7.5, 6], "texture": "#2"},
				"up": {"uv": [11.3125, 9, 10.5, 7.5], "texture": "#2"},
				"down": {"uv": [8.8125, 10.5, 8, 12], "texture": "#2"}
			}
		},
		{
			"from": [7, 2, 7],
			"to": [9, 6, 9],
			"rotation": {"angle": 0, "axis": "y", "origin": [7, 2, 7]},
			"faces": {
				"north": {"uv": [0, 0, 2, 4], "texture": "#1"},
				"east": {"uv": [0, 0, 2, 4], "texture": "#1"},
				"south": {"uv": [0, 0, 2, 4], "texture": "#1"},
				"west": {"uv": [0, 0, 2, 4], "texture": "#1"},
				"up": {"uv": [0, 0, 2, 2], "texture": "#1"},
				"down": {"uv": [0, 0, 2, 2], "texture": "#1"}
			}
		},
		{
			"from": [7.4588, 2, 6.69344],
			"to": [9.4588, 6, 8.69344],
			"rotation": {"angle": -22.5, "axis": "y", "origin": [7.4588, 2, 6.69344]},
			"faces": {
				"north": {"uv": [0, 0, 2, 4], "texture": "#1"},
				"east": {"uv": [0, 0, 2, 4], "texture": "#1"},
				"south": {"uv": [0, 0, 2, 4], "texture": "#1"},
				"west": {"uv": [0, 0, 2, 4], "texture": "#1"},
				"up": {"uv": [0, 0, 2, 2], "texture": "#1"},
				"down": {"uv": [0, 0, 2, 2], "texture": "#1"}
			}
		},
		{
			"from": [8, 2, 6.58579],
			"to": [10, 6, 8.58579],
			"rotation": {"angle": -45, "axis": "y", "origin": [8, 2, 6.58579]},
			"faces": {
				"north": {"uv": [0, 0, 2, 4], "texture": "#1"},
				"east": {"uv": [0, 0, 2, 4], "texture": "#1"},
				"south": {"uv": [0, 0, 2, 4], "texture": "#1"},
				"west": {"uv": [0, 0, 2, 4], "texture": "#1"},
				"up": {"uv": [0, 0, 2, 2], "texture": "#1"},
				"down": {"uv": [0, 0, 2, 2], "texture": "#1"}
			}
		},
		{
			"from": [6.5412, 2, 6.69344],
			"to": [8.5412, 6, 8.69344],
			"rotation": {"angle": 22.5, "axis": "y", "origin": [8.5412, 2, 6.69344]},
			"faces": {
				"north": {"uv": [0, 0, 2, 4], "texture": "#1"},
				"east": {"uv": [0, 0, 2, 4], "texture": "#1"},
				"south": {"uv": [0, 0, 2, 4], "texture": "#1"},
				"west": {"uv": [0, 0, 2, 4], "texture": "#1"},
				"up": {"uv": [0, 0, 2, 2], "rotation": 90, "texture": "#1"},
				"down": {"uv": [0, 0, 2, 2], "rotation": 270, "texture": "#1"}
			}
		},
		{
			"from": [6.5, 6, 4],
			"to": [9.5, 8, 12],
			"rotation": {"angle": 0, "axis": "y", "origin": [-0.5, 0, 0]},
			"faces": {
				"north": {"uv": [4, 4, 6, 6], "texture": "#1"},
				"east": {"uv": [0, 0, 8, 2], "texture": "#1"},
				"south": {"uv": [4, 6, 6, 8], "texture": "#1"},
				"west": {"uv": [0, 2, 8, 4], "texture": "#1"},
				"up": {"uv": [2, 12, 0, 4], "texture": "#1"},
				"down": {"uv": [4, 4, 2, 12], "texture": "#1"}
			}
		},
		{
			"from": [8, 0, 7.1],
			"to": [9.8, 1.8, 8.9],
			"rotation": {"angle": 45, "axis": "z", "origin": [8, 0, 7.1]},
			"faces": {
				"north": {"uv": [0, 0, 2, 2], "texture": "#3"},
				"east": {"uv": [0, 2, 2, 4], "texture": "#3"},
				"south": {"uv": [2, 0, 4, 2], "texture": "#3"},
				"west": {"uv": [2, 2, 4, 4], "texture": "#3"},
				"up": {"uv": [2, 6, 0, 4], "texture": "#3"},
				"down": {"uv": [6, 0, 4, 2], "texture": "#3"}
			}
		}
	],
	"display": {
		"thirdperson_righthand": {
			"translation": [0, 2, 0.25]
		},
		"thirdperson_lefthand": {
			"translation": [0, 2, 0.25]
		},
		"firstperson_righthand": {
			"rotation": [-36, -21, -3],
			"translation": [1.5, 3.5, 2.75],
			"scale": [0.43, 0.43, 0.43]
		},
		"firstperson_lefthand": {
			"rotation": [-36, -21, -3],
			"translation": [1.5, 3.5, 2.75],
			"scale": [0.43, 0.43, 0.43]
		},
		"ground": {
			"translation": [0, 4.75, 0]
		},
		"gui": {
			"rotation": [49.83, -43.35, 59.92],
			"translation": [0.75, -1.5, 0],
			"scale": [0.52, 0.54, 0.51]
		},
		"head": {
			"rotation": [-46, 0, 0]
		},
		"fixed": {
			"rotation": [0, -90, 0],
			"translation": [0, -2.5, -0.5],
			"scale": [0.51, 0.51, 0.51]
		}
	},
	"groups": [
		0,
		{
			"name": "group",
			"origin": [6.1, 9, 8],
			"color": 0,
			"children": [1, 2, 3, 4, 5, 6, 7, 8, 9, 10, 11, 12, 13, 14, 15, 16, 17]
		},
		18,
		19,
		20,
		21,
		22,
		23
	]
}