{
  "parent": "item/generated",
  "textures": {
    "layer0": "item/cookie"
  },
   
    "overrides": [
     { "predicate": {"custom_model_data": 8456001}, "model": "item/antman_cookie/mini"},
     { "predicate": {"custom_model_data": 8456002}, "model": "item/antman_cookie/halfmini"},
     { "predicate": {"custom_model_data": 8456003}, "model": "item/antman_cookie/normal"},
     { "predicate": {"custom_model_data": 8456004}, "model": "item/antman_cookie/halfbig"},
     { "predicate": {"custom_model_data": 8456005}, "model": "item/antman_cookie/big"}
    ]
}